BEGIN TRANSACTION;
CREATE TABLE booze (
	id INTEGER NOT NULL, 
	name TEXT NOT NULL, 
	brand TEXT, 
	"desc" TEXT NOT NULL, 
	abv INTEGER,
	type INTEGER DEFAULT 0,
	price INTEGER DEFAULT 0, 
	PRIMARY KEY (id)
);
INSERT INTO booze VALUES(1,'Vodka','Generic ','Vodka made from grains with no added flavors.',40,1,33);
INSERT INTO booze VALUES(2,'Sour Apple Pucker','DeKuyper','Apple flavored schnapps. ',15,3,20);
INSERT INTO booze VALUES(3,'Peppermint Schnapps','Generic','A peppermint-flavored spirit. ',27,0,0);
INSERT INTO booze VALUES(4,'Orange Juice','Generic','The juice made from the funny little orange balls that grow on trees.',0,3,10);
INSERT INTO booze VALUES(5,'Rum, Dark','Generic ','A stronger flavor than light or gold rum; with hints of spice and caramel or molasses overtones. ',30,1,33);
INSERT INTO booze VALUES(6,'Tequila','Generic ','Your favorite tequila. ',30,1,33);
INSERT INTO booze VALUES(7,'Whiskey','Generic ','Standard sour mash Tennessee whiskey. ',30,1,33);
INSERT INTO booze VALUES(8,'Cranberry Juice','Generic','Juice made from cranberries.',0,3,20);
INSERT INTO booze VALUES(9,'Grenadine','Rose''s','A deep red syrup used for both flavor and color. ',0,3,33);
INSERT INTO booze VALUES(10,'Margarita Mix','Generic ','For those of you who don''t have the time to squeeze limes and want a quick and dirty margarita. ',0,0,33);
INSERT INTO booze VALUES(11,'Baileys','Baileys','A liqueur made with Irish whiskey and cream.',17,0,33);
INSERT INTO booze VALUES(12,'Kahlua','Kahlua','A Mexican coffee-flavored rum-based liqueur.',20,0,33);
INSERT INTO booze VALUES(13,'Cinnamon Schnapps','Generic ','Spicy cinnamon flavored schnapps for everyone who loves Atomic Fireballs. ',40,0,20);
INSERT INTO booze VALUES(14,'Butterscotch Schnapps','Generic ','A liqueur that tastes like the candy of the same name. ',20,3,20);
INSERT INTO booze VALUES(15,'Olive Juice','Generic ','Juice strained from a jar olives. ',0,0,20);
INSERT INTO booze VALUES(16,'Vermouth, Dry','Martini & Rossi','A fortified white wine, infused, distilled or macerated with herbs, spices, caramel and other ingredients. ',18,0,20);
INSERT INTO booze VALUES(17,'Gin','Generic','A spirit derived from juniper berries. ',30,1,33);
INSERT INTO booze VALUES(18,'Port','Generic ','A sweet, red, fortified wine. ',20,1,33);
INSERT INTO booze VALUES(19,'Grapefruit Juice ','Homemade','Juice squeezed from grapefruits.',0,2,20);
INSERT INTO booze VALUES(20,'Red Wine','Generic ','Your favorite vintage of red wine. ',14,1,33);
INSERT INTO booze VALUES(21,'Rum, Light','Generic ','White, silver, or light rum they''re all synonymous. ',30,1,33);
INSERT INTO booze VALUES(22,'Sweet and Sour Mix','Generic ','A blend of lemon juice, lime juice and sugar. ',0,3,15);
INSERT INTO booze VALUES(23,'Cognac','Generic ','A variety of brandy, named after a town in France. ',40,1,33);
INSERT INTO booze VALUES(24,'Triple Sec','Generic ','An orange-flavoured liqueur made from the dried peels of bitter and sweet oranges. ',15,3,20);
INSERT INTO booze VALUES(25,'Amaretto','Generic ','An almond liqueur.',24,3,33);
INSERT INTO booze VALUES(26,'Lemon Juice','Homemade','Pressed juice made of lemons. ',0,2,10);
INSERT INTO booze VALUES(27,'Pineapple Juice','Generic ','Pineapple juice, preferably not from concentrate.',0,3,10);
INSERT INTO booze VALUES(28,'Lime Juice','Homemade','Pressed juice of limes. ',0,2,10);
INSERT INTO booze VALUES(29,'Peach Schnapps','Generic ','A strong dry spirit made with peaches. ',15,3,20);
INSERT INTO booze VALUES(30,'Jägermeister','Jägermeister','An herbal liqueur made in Germany.  ',35,1,33);
INSERT INTO booze VALUES(31,'Tequila, Silver','Kirkland Signature ','A nice agave flavor throughout and no real burn or linger at the end. Has a fairly thin body with no bitterness. ',40,1,33);
INSERT INTO booze VALUES(32,'Raspberry Juice','Mother nature','Pressed raspberries, nothing else. Could be tart or sweet, so be careful when you use this!',0,0,15);
INSERT INTO booze VALUES(33,'Creme de Cacao','Generic','A dark brown or clear chocolate-flavored liqueur made from the cacao seed.',25,0,20);
INSERT INTO booze VALUES(34,'Nungaberry Juice','Mothernature','Made from pressed nungaberries from Tanzania. Be careful to remove all the poisonous thorns before squeezing the berries! Somewhat like the Fugu of the berry world, the reward is worth the effort!',0,0,20);
INSERT INTO booze VALUES(35,'Agave Nectar','Generic ','A sweetener produced from several species of agave. Sweeter and thinner than honey.',0,3,20);
INSERT INTO booze VALUES(36,'Tequila, Jalapeño Infused ','Homemade','Tequila infused with jalapeño for those who like it spicy! ',40,1,33);
INSERT INTO booze VALUES(37,'Cilantro Water','Homemade ','Blended cilantro and water is combined and allowed to rest. The cilantro is then strained, leaving a refreshing liquid perfect for summer cocktails. ',0,0,10);
INSERT INTO booze VALUES(38,'Pomegranate Juice','Generic','Juice from pomegranates. ',0,2,15);
INSERT INTO booze VALUES(39,'Tequila, Coffee Infused ','Homemade','Tequila infused with coffee. Infusion can be done using one of Bartendro''s dispensers. ',40,1,33);
INSERT INTO booze VALUES(40,'Milk','Generic ','Milk from cows. ',0,0,10);
INSERT INTO booze VALUES(41,'Mango Juice','Mother nature','Pureed mangos, for a tropical flavor and full mouth feel.',0,3,10);
INSERT INTO booze VALUES(42,'Apple Juice','Mother nature','Pressed apples, without pulp. Nice and crisp in lots of cocktails!',0,3,10);
INSERT INTO booze VALUES(43,'Pear Juice','Mother Nature','The clean flavor of pears! Adds a subtle flavor to your sneaky new cocktail designs!',0,3,10);
INSERT INTO booze VALUES(44,'Grand Marnier','Grand Marnier','An orange-flavored brandy based liqueur.',40,3,20);
INSERT INTO booze VALUES(45,'Tequila, Gran Centenario','Centenario','An award winning Mexican 100% blue agave tequila. Rested in oak barrels for a smooth, rich flavor. ',40,1,33);
INSERT INTO booze VALUES(46,'Simple Syrup','Homemade','A sugar based simple syrup with 2 parts water to 1 part sugar.',0,3,15);
INSERT INTO booze VALUES(47,'Midori','Generic ','A bright, green-coloured, melon-flavored cordial. ',20,3,33);
INSERT INTO booze VALUES(48,'Coconut Milk','Generic ','The liquid extracted from the meat of a coconut. ',0,3,20);
INSERT INTO booze VALUES(49,'Creme de Menthe ','Generic','A sweet, mint flavored liqueur.',11,0,33);
INSERT INTO booze VALUES(50,'Blue Raspberry Mix, Rose''s','Rose''s','A sweet blue raspberry mixer.',0,3,20);
INSERT INTO booze VALUES(51,'Cointreau','Cointreau','A brand of triple sec (orange-flavored liqueur) produced in France.',40,0,33);
INSERT INTO booze VALUES(52,'Chambord','Chambord','A liqueur made from red and black raspberries, Madagascar vanilla, Moroccan citrus peel, honey and cognac.',16,1,33);
INSERT INTO booze VALUES(53,'Brandy','Generic','A spirit produced by distilling wine, typically aged in wooden casks.',40,1,33);
INSERT INTO booze VALUES(54,'Galliano','Galliano','A sweet Italian herbal liqueur. Its ingredients include vanilla, star anise, Mediterranean anise, ginger, citrus, juniper, musk yarrow, and lavender.',30,0,33);
INSERT INTO booze VALUES(55,'Vodka, Blavad Black ','Blavad Black ','An 80-proof black vodka distilled in the United Kingdom. It is marketed on the liquor''s unique black color that derives from black catechu, i.e. extracts from the heartwood of Burmese catechu acacia trees.',40,1,33);
INSERT INTO booze VALUES(56,'Bitters, Angostura','Angostura','Concentrated bitters made of water, 44.7% alcohol, and herbs and spices. Made by House of Angostura in Trinidad and Tobago.',45,0,20);
INSERT INTO booze VALUES(57,'Pickle Juice','Generic','Juice strained from a jar of pickles.',0,0,15);
INSERT INTO booze VALUES(58,'Vodka, Bacon Infused','Homemade','Infuse vodka with bacon and strain. ',40,1,33);
CREATE TABLE booze_group (
	id INTEGER NOT NULL, 
	abstract_booze_id INTEGER NOT NULL, 
	name TEXT NOT NULL, 
	PRIMARY KEY (id), 
	FOREIGN KEY(abstract_booze_id) REFERENCES booze (id)
);
CREATE TABLE booze_group_booze (
	id INTEGER NOT NULL, 
	booze_group_id INTEGER NOT NULL, 
	booze_id INTEGER NOT NULL, 
	sequence INTEGER, 
	PRIMARY KEY (id), 
	FOREIGN KEY(booze_group_id) REFERENCES booze_group (id), 
	FOREIGN KEY(booze_id) REFERENCES booze (id)
);
INSERT INTO booze_group_booze VALUES(1,1,31,10);
INSERT INTO booze_group_booze VALUES(2,1,32,1);
INSERT INTO booze_group_booze VALUES(3,1,41,3);
INSERT INTO booze_group_booze VALUES(4,1,42,4);
INSERT INTO booze_group_booze VALUES(5,1,33,3);
CREATE TABLE custom_drink (
	id INTEGER NOT NULL, 
	drink_id INTEGER NOT NULL, 
	name TEXT NOT NULL, 
	PRIMARY KEY (id), 
	FOREIGN KEY(drink_id) REFERENCES drink (id)
);
INSERT INTO custom_drink VALUES(2,47,'margarita');
INSERT INTO custom_drink VALUES(3,49,'margarita');
CREATE TABLE custom_drink_booze (
	id INTEGER NOT NULL, 
	booze_id INTEGER NOT NULL, 
	custom_drink_id INTEGER NOT NULL, 
	type INTEGER, 
	PRIMARY KEY (id), 
	FOREIGN KEY(booze_id) REFERENCES booze (id), 
	FOREIGN KEY(custom_drink_id) REFERENCES custom_drink (id)
);
INSERT INTO custom_drink_booze VALUES(1,24,1,1);
INSERT INTO custom_drink_booze VALUES(2,25,1,1);
INSERT INTO custom_drink_booze VALUES(3,28,1,2);
INSERT INTO custom_drink_booze VALUES(4,30,1,3);
CREATE TABLE dispenser (
	id INTEGER NOT NULL, 
	booze_id INTEGER NOT NULL, actual integer default 0, out INTEGER DEFAULT 0, 
	PRIMARY KEY (id), 
	FOREIGN KEY(booze_id) REFERENCES booze (id)
);
INSERT INTO dispenser VALUES(1,1,60,0);
INSERT INTO dispenser VALUES(2,46,60,0);
INSERT INTO dispenser VALUES(3,26,60,0);
INSERT INTO dispenser VALUES(4,12,60,0);
INSERT INTO dispenser VALUES(5,25,60,0);
INSERT INTO dispenser VALUES(6,2,60,0);
INSERT INTO dispenser VALUES(7,8,60,0);
INSERT INTO dispenser VALUES(8,46,60,0);
INSERT INTO dispenser VALUES(9,14,60,0);
INSERT INTO dispenser VALUES(10,13,60,0);
INSERT INTO dispenser VALUES(11,1,60,0);
INSERT INTO dispenser VALUES(12,7,60,0);
INSERT INTO dispenser VALUES(13,24,60,0);
INSERT INTO dispenser VALUES(14,28,60,0);
INSERT INTO dispenser VALUES(15,26,60,0);
CREATE TABLE drink (
	id INTEGER NOT NULL, 
	"desc" TEXT NOT NULL, 
	name_id INTEGER NOT NULL, sugg_size integer not null default 118, popular integer default f, available INTEGER, 
	PRIMARY KEY (id), 
	FOREIGN KEY(name_id) REFERENCES drink_name (id)
);
INSERT INTO drink VALUES(1,'A fruity martini made with tart apple pucker and vodka. Stir or shake after it''s dispensed.',1,120,1,1);
INSERT INTO drink VALUES(2,'The Black Unicorn combines all of the creamy and rich boozes into a smooth and sweet cocktail.',2,120,0,1);
INSERT INTO drink VALUES(3,'Pineapple juice and dark rum for a fruity taste with a punch!',3,120,0,1);
INSERT INTO drink VALUES(4,'A strong margarita that has been honed to perfection by the cocktail whores of Sunday Night Dinner (you know who you are). It maintains a healthy proportion of tequila, and simple syrup instead of agave. ',4,120,0,1);
INSERT INTO drink VALUES(5,'Get toasty with this Kahlua and Amaretto drink. ',5,120,0,1);
INSERT INTO drink VALUES(6,'Having one too many of these will not result in a screaming orgasm, just sayin''.',6,120,0,1);
INSERT INTO drink VALUES(7,'The tequila in this drink amplifies the cinnamon schnapps for a firecracker in your...',7,120,0,1);
INSERT INTO drink VALUES(8,'A drinkable oatmeal cookie with no hidden raisins! ',8,120,0,1);
INSERT INTO drink VALUES(9,'A liquor forward concoction created by a Kickstarter backer. Shake with ice strain into chilled rocks glass.',9,120,0,1);
INSERT INTO drink VALUES(10,'This sounds like trouble. Get one and tell us about it.',10,120,0,1);
INSERT INTO drink VALUES(12,'Creamy mix gives a nice buttery Baileys flavor. Smooth as a baby''s butt!',12,120,1,1);
INSERT INTO drink VALUES(13,'Cinnamon Schnapps, Baileys, and Kahlua combine in a magical fashion to create  a drinkable version of your favorite cake. ',13,120,0,1);
INSERT INTO drink VALUES(14,'It''s a drink, get your mind out of the gutter!',14,120,0,1);
INSERT INTO drink VALUES(15,'Similar to a Mudslide, but not as strong. This sweeter version is made for you to sip on.',15,120,0,1);
INSERT INTO drink VALUES(16,'Rich but potent, creamy, coffee, chocolaty drink. Not quite as dirty as it sounds.',16,120,1,1);
INSERT INTO drink VALUES(17,'A wine cocktail that will keep your ship at bay during any storm. ',17,120,0,1);
INSERT INTO drink VALUES(18,'Crisp and tart with a cinnamon bite. ',18,120,0,1);
INSERT INTO drink VALUES(19,'Dark, chocolaty, and sweet. Good things do come in small packages.',19,120,0,1);
INSERT INTO drink VALUES(20,'Tastes just like the namesake gum.',20,120,0,1);
INSERT INTO drink VALUES(21,'If you drink too many of these, some big black Russian dude will come to get you.',21,120,0,1);
INSERT INTO drink VALUES(22,'Buttery drink with a taste of Kahlua. It''s best to drink these balls.',22,120,0,1);
INSERT INTO drink VALUES(23,'The real reason they got kicked out of the garden. 



This strong cocktail has a hint of cranberry to go with the apple.',23,120,0,1);
INSERT INTO drink VALUES(24,'A caramel apple in a glass!',24,120,0,1);
INSERT INTO drink VALUES(25,'A sweet drink that tastes like its namesake candy. ',25,120,0,0);
INSERT INTO drink VALUES(26,'If you love tearing into those delicious bags of colorful bears, look no further. This drink is a little sweet, a little tart and really tasty.',26,120,1,1);
INSERT INTO drink VALUES(27,'Creamy cinnamon explosion in your mouth! ',27,120,0,1);
INSERT INTO drink VALUES(28,'A Kickstarter backer drink which adds the raspberry flavor of Chambord to a margarita. Add to a salt rimmed glass for extra zazz. ',28,120,0,1);
INSERT INTO drink VALUES(29,'Simple but satisfying. ',29,120,1,1);
INSERT INTO drink VALUES(30,'Vodka martini with a splash of vermouth and olive juice.',30,120,1,1);
INSERT INTO drink VALUES(31,'This Kickstarter backer drink will want you to take off your shoes and get down to business. ',31,120,1,1);
INSERT INTO drink VALUES(32,'A pleasant zing for your mouth!',32,120,0,1);
INSERT INTO drink VALUES(33,'A great summertime cocktail that''s perfect for the races. ',33,120,1,1);
INSERT INTO drink VALUES(34,'Cranberry and lime juice make for a tart cocktail. A drink for sexy people! ',34,120,1,1);
INSERT INTO drink VALUES(35,'Tastes like an alcoholic and liquid version of an Apple Jolly Rancher.',35,120,0,1);
INSERT INTO drink VALUES(36,'A whiskey drink for the purists. No high fructose corn syrup here!',36,120,1,1);
INSERT INTO drink VALUES(37,'It''s seppoku, but in reverse! More tangy than being a terrorist.',37,120,1,1);
INSERT INTO drink VALUES(38,'The perfect balance between sweet and sour. A refreshing adult lemonade for hot summer nights. ',38,120,1,1);
INSERT INTO drink VALUES(39,'A minty chocolate Kickstarter backer drink. ',39,120,0,1);
INSERT INTO drink VALUES(40,'Gimlet variation that''s perfect for vodka lovers. ',40,120,0,1);
INSERT INTO drink VALUES(41,'Classic gimlet drink with gin and lime juice.',41,120,0,1);
INSERT INTO drink VALUES(42,'Sweet peach and orange juice cocktail for those who can''t handle real booze.',42,120,0,1);
INSERT INTO drink VALUES(43,'A Kickstarter backer drink for those who enjoy tart cocktails when they''re not sucking blood. ',43,120,0,1);
INSERT INTO drink VALUES(44,'A layered drink perfect for lazy days on the beach. ',44,120,1,1);
INSERT INTO drink VALUES(45,'Vodka, lemon juice, and a splash of triple sec make this a tart and refreshing cocktail.',45,120,0,1);
INSERT INTO drink VALUES(46,'Very similar to the SND Margarita, this cocktail features higher end tequila and orange liqueur. It maintains the healthy proportion of tequila and the agave nectar adds depth and richness.',46,120,0,1);
INSERT INTO drink VALUES(47,'A margarita for the real purists who don''t want any of that frufru orange liqueur coming between them and their tequila. Triple sec is often hard to come by in the more remote portions of Mexico so this recipe calls for just lime and a little orange juice, sweetened with a bit of agave syrup.',47,120,1,1);
INSERT INTO drink VALUES(48,'The blend of jalapeno infused tequila and cilantro water makes for a surprisingly savory cocktail.',48,120,0,1);
INSERT INTO drink VALUES(49,'The title really says it all. Similar to the Authentic Margarita, except substituting another fruit juice for the orange; sweetened with simple syrup.',49,120,0,1);
INSERT INTO drink VALUES(50,'Kind of like a White Russian, but with coffee tequila -- it''s really tasty!',50,120,0,1);
INSERT INTO drink VALUES(51,'A Hot Scott and a Buttery Nipple combined will make you want to come right over. ',51,120,0,1);
INSERT INTO drink VALUES(52,'A tart vodka lemon with no sweeteners for the low carb fiends.',52,120,0,1);
INSERT INTO drink VALUES(53,'A potent and tart cocktail that is perfect for whiskey lovers.',53,120,0,0);
INSERT INTO drink VALUES(54,'A simple lemonade with some whiskey to give you a nice kick in the pants. Sweeter than a Snakebite.',54,120,0,1);
INSERT INTO drink VALUES(55,'Tart and strong, this apple will take a bite out of you.',55,120,1,1);
INSERT INTO drink VALUES(56,'A little sweet with your sour.',56,120,0,1);
INSERT INTO drink VALUES(57,'Sweet, long and creamy, kinda like your sweet grandma!',57,120,0,1);
INSERT INTO drink VALUES(58,'Creamy with almonds. Yum!',58,120,0,1);
INSERT INTO drink VALUES(59,'Helps you finish up the back nine. Syrupy and sweet, yet with a unique taste. Has notes of Dr. Pepper. ',59,120,0,1);
INSERT INTO drink VALUES(60,'Make a toast to Winston Churchill with this version of a drink named after his birthplace. ',60,120,0,1);
INSERT INTO drink VALUES(61,'Perfect for those times when you want to kick your glass of port up a notch. ',61,120,0,1);
INSERT INTO drink VALUES(62,'What they drink in Oz. A midori flavored martini with a tart edge.',62,120,0,1);
INSERT INTO drink VALUES(63,'When the first period was so rough that you need to start drinking by the second period. Chocolatey, milky, coffee flavored goodness!',63,120,0,1);
INSERT INTO drink VALUES(64,'Nom. Butterscotch and Kahlua with some milk combine to make a tasty, but not overly sweet cocktail.',64,120,0,1);
INSERT INTO drink VALUES(65,'This brown cow is looking for its brown chicken. Will you help it find its way? Equal parts of milk and kahlua make for a mellow and tasty drink.',65,120,1,1);
INSERT INTO drink VALUES(66,'A tasty milky cocktail. Sweet and smooth, you''ll want to sip these all night. ',66,120,1,1);
INSERT INTO drink VALUES(67,'Ease your pain with this tropical rum based cocktail. ',67,120,0,1);
INSERT INTO drink VALUES(68,'Jimmy Buffet would be proud. ',68,120,1,1);
INSERT INTO drink VALUES(69,'A sweet cocktail with white and dark rum. Very tropical!',69,120,1,1);
INSERT INTO drink VALUES(70,'A light and refreshing Cuban cocktail. ',70,120,0,1);
INSERT INTO drink VALUES(71,'Like the vodka kind, but with more swagger. ',71,120,0,1);
INSERT INTO drink VALUES(72,'A screwdriver in Mexico. ',72,120,0,1);
INSERT INTO drink VALUES(73,'Named after the Greek nymph, this drink will want to make you never want to leave the island. ',73,120,0,1);
INSERT INTO drink VALUES(74,'As sunny as my grandma''s disposition ',74,120,0,1);
INSERT INTO drink VALUES(75,'A twist on the dirty martini. Created by a Kickstarter backer, this cocktail uses pickle instead of olive juice, making for a monster of a drink. ',75,120,0,1);
INSERT INTO drink VALUES(76,'When fuzzy just isn''t cutting it for you, take it to the next level with a shot of vodka. ',76,120,0,1);
INSERT INTO drink VALUES(77,'Perfect for a winter night, top this Kickstarter backer drink with whip cream after dispensing. ',77,120,0,1);
INSERT INTO drink VALUES(78,'This Kickstarter backer drink is perfect for any pitstop. ',78,120,0,1);
INSERT INTO drink VALUES(79,'The dude would approve!',79,120,1,1);
INSERT INTO drink VALUES(80,'A Kickstarter backer drink for all those bacon lovers out there. ',80,120,0,1);
CREATE TABLE drink_booze (
	id INTEGER NOT NULL, 
	drink_id INTEGER NOT NULL, 
	booze_id INTEGER NOT NULL, 
	value INTEGER, 
	unit INTEGER, 
	PRIMARY KEY (id), 
	FOREIGN KEY(drink_id) REFERENCES drink (id), 
	FOREIGN KEY(booze_id) REFERENCES booze (id)
);
INSERT INTO drink_booze VALUES(1,1,1,1,1);
INSERT INTO drink_booze VALUES(2,1,2,1,1);
INSERT INTO drink_booze VALUES(3,2,12,1,1);
INSERT INTO drink_booze VALUES(4,2,14,1,1);
INSERT INTO drink_booze VALUES(5,15,1,1,1);
INSERT INTO drink_booze VALUES(6,4,6,25,0);
INSERT INTO drink_booze VALUES(7,4,28,10,0);
INSERT INTO drink_booze VALUES(8,7,6,1,0);
INSERT INTO drink_booze VALUES(9,7,13,1,0);
INSERT INTO drink_booze VALUES(10,14,11,1,0);
INSERT INTO drink_booze VALUES(11,14,12,1,0);
INSERT INTO drink_booze VALUES(12,12,11,1,0);
INSERT INTO drink_booze VALUES(13,12,14,1,0);
INSERT INTO drink_booze VALUES(18,9,7,40,0);
INSERT INTO drink_booze VALUES(19,9,53,10,0);
INSERT INTO drink_booze VALUES(20,9,54,3,0);
INSERT INTO drink_booze VALUES(21,15,11,2,0);
INSERT INTO drink_booze VALUES(22,15,12,4,0);
INSERT INTO drink_booze VALUES(23,5,25,1,0);
INSERT INTO drink_booze VALUES(24,5,12,1,0);
INSERT INTO drink_booze VALUES(25,5,40,1,0);
INSERT INTO drink_booze VALUES(26,16,11,1,0);
INSERT INTO drink_booze VALUES(27,16,1,1,0);
INSERT INTO drink_booze VALUES(28,16,12,1,0);
INSERT INTO drink_booze VALUES(29,2,11,1,0);
INSERT INTO drink_booze VALUES(30,3,5,1,0);
INSERT INTO drink_booze VALUES(33,13,13,1,0);
INSERT INTO drink_booze VALUES(34,13,11,4,0);
INSERT INTO drink_booze VALUES(35,13,12,4,0);
INSERT INTO drink_booze VALUES(36,8,13,1,0);
INSERT INTO drink_booze VALUES(37,8,14,3,0);
INSERT INTO drink_booze VALUES(38,8,11,3,0);
INSERT INTO drink_booze VALUES(39,10,1,1,0);
INSERT INTO drink_booze VALUES(40,10,6,1,0);
INSERT INTO drink_booze VALUES(41,10,12,1,0);
INSERT INTO drink_booze VALUES(42,6,1,2,0);
INSERT INTO drink_booze VALUES(43,6,11,3,0);
INSERT INTO drink_booze VALUES(44,6,12,1,0);
INSERT INTO drink_booze VALUES(45,17,18,15,0);
INSERT INTO drink_booze VALUES(46,17,20,20,0);
INSERT INTO drink_booze VALUES(47,18,2,8,0);
INSERT INTO drink_booze VALUES(48,18,13,1,0);
INSERT INTO drink_booze VALUES(49,19,12,1,0);
INSERT INTO drink_booze VALUES(50,19,11,2,0);
INSERT INTO drink_booze VALUES(51,20,11,1,0);
INSERT INTO drink_booze VALUES(52,20,13,1,0);
INSERT INTO drink_booze VALUES(53,21,12,1,0);
INSERT INTO drink_booze VALUES(54,21,1,2,0);
INSERT INTO drink_booze VALUES(55,22,14,3,0);
INSERT INTO drink_booze VALUES(56,22,12,1,0);
INSERT INTO drink_booze VALUES(57,23,1,6,0);
INSERT INTO drink_booze VALUES(58,23,2,4,0);
INSERT INTO drink_booze VALUES(59,24,2,4,0);
INSERT INTO drink_booze VALUES(60,24,14,3,0);
INSERT INTO drink_booze VALUES(61,25,14,3,0);
INSERT INTO drink_booze VALUES(62,25,11,1,0);
INSERT INTO drink_booze VALUES(65,27,13,1,0);
INSERT INTO drink_booze VALUES(66,27,12,1,0);
INSERT INTO drink_booze VALUES(67,28,52,3,0);
INSERT INTO drink_booze VALUES(68,28,6,4,0);
INSERT INTO drink_booze VALUES(69,29,1,1,1);
INSERT INTO drink_booze VALUES(70,30,1,10,0);
INSERT INTO drink_booze VALUES(71,30,16,1,0);
INSERT INTO drink_booze VALUES(72,30,15,1,0);
INSERT INTO drink_booze VALUES(73,31,1,1,0);
INSERT INTO drink_booze VALUES(74,31,17,1,0);
INSERT INTO drink_booze VALUES(75,32,7,3,0);
INSERT INTO drink_booze VALUES(76,33,19,5,0);
INSERT INTO drink_booze VALUES(77,33,1,2,0);
INSERT INTO drink_booze VALUES(78,32,22,2,0);
INSERT INTO drink_booze VALUES(79,29,8,1,0);
INSERT INTO drink_booze VALUES(80,34,1,6,0);
INSERT INTO drink_booze VALUES(81,34,8,5,0);
INSERT INTO drink_booze VALUES(82,34,28,2,0);
INSERT INTO drink_booze VALUES(83,34,24,1,0);
INSERT INTO drink_booze VALUES(84,35,2,25,0);
INSERT INTO drink_booze VALUES(85,35,1,15,0);
INSERT INTO drink_booze VALUES(87,35,46,8,0);
INSERT INTO drink_booze VALUES(95,37,24,7,0);
INSERT INTO drink_booze VALUES(96,37,1,8,0);
INSERT INTO drink_booze VALUES(97,37,28,5,0);
INSERT INTO drink_booze VALUES(98,38,26,3,0);
INSERT INTO drink_booze VALUES(99,38,46,7,0);
INSERT INTO drink_booze VALUES(100,38,1,6,0);
INSERT INTO drink_booze VALUES(101,39,1,2,0);
INSERT INTO drink_booze VALUES(102,40,1,8,0);
INSERT INTO drink_booze VALUES(103,40,28,2,0);
INSERT INTO drink_booze VALUES(104,41,17,8,0);
INSERT INTO drink_booze VALUES(105,41,28,2,0);
INSERT INTO drink_booze VALUES(106,42,29,8,0);
INSERT INTO drink_booze VALUES(107,42,4,1,0);
INSERT INTO drink_booze VALUES(108,43,55,3,0);
INSERT INTO drink_booze VALUES(109,43,28,1,0);
INSERT INTO drink_booze VALUES(110,43,8,1,0);
INSERT INTO drink_booze VALUES(112,44,6,3,0);
INSERT INTO drink_booze VALUES(113,44,4,6,0);
INSERT INTO drink_booze VALUES(114,44,9,1,0);
INSERT INTO drink_booze VALUES(115,4,24,10,0);
INSERT INTO drink_booze VALUES(116,4,46,2,0);
INSERT INTO drink_booze VALUES(117,45,1,4,0);
INSERT INTO drink_booze VALUES(118,45,26,2,0);
INSERT INTO drink_booze VALUES(119,45,24,1,0);
INSERT INTO drink_booze VALUES(120,46,45,28,0);
INSERT INTO drink_booze VALUES(121,46,28,10,0);
INSERT INTO drink_booze VALUES(122,46,44,20,0);
INSERT INTO drink_booze VALUES(123,46,35,2,0);
INSERT INTO drink_booze VALUES(124,47,6,30,0);
INSERT INTO drink_booze VALUES(125,47,28,15,0);
INSERT INTO drink_booze VALUES(126,47,4,5,0);
INSERT INTO drink_booze VALUES(127,47,35,4,0);
INSERT INTO drink_booze VALUES(128,48,36,30,0);
INSERT INTO drink_booze VALUES(129,48,28,20,0);
INSERT INTO drink_booze VALUES(130,48,37,2,0);
INSERT INTO drink_booze VALUES(131,48,46,2,0);
INSERT INTO drink_booze VALUES(132,49,6,20,0);
INSERT INTO drink_booze VALUES(133,49,28,10,0);
INSERT INTO drink_booze VALUES(134,49,38,10,0);
INSERT INTO drink_booze VALUES(135,49,46,1,0);
INSERT INTO drink_booze VALUES(136,50,39,20,0);
INSERT INTO drink_booze VALUES(137,50,40,10,0);
INSERT INTO drink_booze VALUES(138,50,46,2,0);
INSERT INTO drink_booze VALUES(139,36,26,4,0);
INSERT INTO drink_booze VALUES(140,36,28,3,0);
INSERT INTO drink_booze VALUES(141,36,46,7,0);
INSERT INTO drink_booze VALUES(142,35,26,1,0);
INSERT INTO drink_booze VALUES(143,35,28,1,0);
INSERT INTO drink_booze VALUES(144,36,7,14,0);
INSERT INTO drink_booze VALUES(145,51,14,10,0);
INSERT INTO drink_booze VALUES(146,51,11,10,0);
INSERT INTO drink_booze VALUES(147,51,12,4,0);
INSERT INTO drink_booze VALUES(148,51,13,4,0);
INSERT INTO drink_booze VALUES(149,8,12,1,0);
INSERT INTO drink_booze VALUES(150,34,46,1,0);
INSERT INTO drink_booze VALUES(151,3,27,2,0);
INSERT INTO drink_booze VALUES(152,52,1,2,0);
INSERT INTO drink_booze VALUES(153,52,26,1,0);
INSERT INTO drink_booze VALUES(154,53,7,3,0);
INSERT INTO drink_booze VALUES(155,53,26,1,0);
INSERT INTO drink_booze VALUES(156,54,7,6,0);
INSERT INTO drink_booze VALUES(157,54,46,4,0);
INSERT INTO drink_booze VALUES(158,54,26,6,0);
INSERT INTO drink_booze VALUES(159,23,8,2,0);
INSERT INTO drink_booze VALUES(161,55,2,5,0);
INSERT INTO drink_booze VALUES(162,55,7,4,0);
INSERT INTO drink_booze VALUES(163,55,8,4,0);
INSERT INTO drink_booze VALUES(164,56,25,15,0);
INSERT INTO drink_booze VALUES(165,56,26,4,0);
INSERT INTO drink_booze VALUES(166,57,11,3,0);
INSERT INTO drink_booze VALUES(167,57,12,1,0);
INSERT INTO drink_booze VALUES(168,57,25,1,0);
INSERT INTO drink_booze VALUES(169,57,14,1,0);
INSERT INTO drink_booze VALUES(170,58,11,1,0);
INSERT INTO drink_booze VALUES(171,58,25,1,0);
INSERT INTO drink_booze VALUES(172,59,25,1,0);
INSERT INTO drink_booze VALUES(173,59,1,1,0);
INSERT INTO drink_booze VALUES(174,59,8,1,0);
INSERT INTO drink_booze VALUES(175,59,47,1,0);
INSERT INTO drink_booze VALUES(183,62,47,8,0);
INSERT INTO drink_booze VALUES(184,62,1,4,0);
INSERT INTO drink_booze VALUES(185,63,12,1,0);
INSERT INTO drink_booze VALUES(186,63,40,1,0);
INSERT INTO drink_booze VALUES(187,63,11,1,0);
INSERT INTO drink_booze VALUES(188,64,12,1,0);
INSERT INTO drink_booze VALUES(189,64,40,2,0);
INSERT INTO drink_booze VALUES(190,64,14,1,0);
INSERT INTO drink_booze VALUES(191,65,40,1,0);
INSERT INTO drink_booze VALUES(192,65,12,1,0);
INSERT INTO drink_booze VALUES(193,66,14,1,0);
INSERT INTO drink_booze VALUES(194,66,40,1,0);
INSERT INTO drink_booze VALUES(195,67,5,3,0);
INSERT INTO drink_booze VALUES(196,67,27,4,0);
INSERT INTO drink_booze VALUES(197,67,48,1,0);
INSERT INTO drink_booze VALUES(198,67,4,1,0);
INSERT INTO drink_booze VALUES(199,68,48,2,0);
INSERT INTO drink_booze VALUES(200,68,27,3,0);
INSERT INTO drink_booze VALUES(201,68,21,1,0);
INSERT INTO drink_booze VALUES(202,69,21,1,0);
INSERT INTO drink_booze VALUES(203,69,5,1,0);
INSERT INTO drink_booze VALUES(204,69,9,1,0);
INSERT INTO drink_booze VALUES(205,69,4,2,0);
INSERT INTO drink_booze VALUES(206,69,27,2,0);
INSERT INTO drink_booze VALUES(207,70,21,3,0);
INSERT INTO drink_booze VALUES(208,70,48,7,0);
INSERT INTO drink_booze VALUES(209,71,21,2,0);
INSERT INTO drink_booze VALUES(210,71,4,5,0);
INSERT INTO drink_booze VALUES(211,72,6,1,0);
INSERT INTO drink_booze VALUES(212,72,4,3,0);
INSERT INTO drink_booze VALUES(213,73,27,8,0);
INSERT INTO drink_booze VALUES(214,73,21,4,0);
INSERT INTO drink_booze VALUES(215,73,9,1,0);
INSERT INTO drink_booze VALUES(216,74,6,2,0);
INSERT INTO drink_booze VALUES(217,74,4,2,0);
INSERT INTO drink_booze VALUES(218,74,27,2,0);
INSERT INTO drink_booze VALUES(219,74,9,1,0);
INSERT INTO drink_booze VALUES(220,56,46,2,0);
INSERT INTO drink_booze VALUES(221,62,24,1,0);
INSERT INTO drink_booze VALUES(222,26,47,6,0);
INSERT INTO drink_booze VALUES(223,26,8,5,0);
INSERT INTO drink_booze VALUES(224,26,28,2,0);
INSERT INTO drink_booze VALUES(225,26,24,1,0);
INSERT INTO drink_booze VALUES(226,26,46,1,0);
INSERT INTO drink_booze VALUES(227,40,46,2,0);
INSERT INTO drink_booze VALUES(228,41,46,2,0);
INSERT INTO drink_booze VALUES(229,17,23,5,0);
INSERT INTO drink_booze VALUES(230,39,33,1,0);
INSERT INTO drink_booze VALUES(231,39,49,1,0);
INSERT INTO drink_booze VALUES(232,75,1,10,0);
INSERT INTO drink_booze VALUES(233,75,16,1,0);
INSERT INTO drink_booze VALUES(234,75,57,1,0);
INSERT INTO drink_booze VALUES(235,61,18,32,0);
INSERT INTO drink_booze VALUES(236,61,23,1,0);
INSERT INTO drink_booze VALUES(237,31,21,1,0);
INSERT INTO drink_booze VALUES(238,31,31,2,0);
INSERT INTO drink_booze VALUES(239,31,24,1,0);
INSERT INTO drink_booze VALUES(240,31,50,2,0);
INSERT INTO drink_booze VALUES(241,60,1,6,0);
INSERT INTO drink_booze VALUES(242,60,12,3,0);
INSERT INTO drink_booze VALUES(243,60,4,3,0);
INSERT INTO drink_booze VALUES(244,28,51,2,0);
INSERT INTO drink_booze VALUES(245,28,22,10,0);
INSERT INTO drink_booze VALUES(246,9,56,1,0);
INSERT INTO drink_booze VALUES(247,76,1,3,0);
INSERT INTO drink_booze VALUES(248,76,29,3,0);
INSERT INTO drink_booze VALUES(249,76,4,20,0);
INSERT INTO drink_booze VALUES(250,77,12,1,0);
INSERT INTO drink_booze VALUES(251,77,1,1,0);
INSERT INTO drink_booze VALUES(252,77,40,1,0);
INSERT INTO drink_booze VALUES(253,78,31,20,0);
INSERT INTO drink_booze VALUES(254,78,51,5,0);
INSERT INTO drink_booze VALUES(255,78,28,1,0);
INSERT INTO drink_booze VALUES(256,78,4,2,0);
INSERT INTO drink_booze VALUES(257,78,8,2,0);
INSERT INTO drink_booze VALUES(258,79,1,5,0);
INSERT INTO drink_booze VALUES(259,79,12,2,0);
INSERT INTO drink_booze VALUES(260,79,40,3,0);
INSERT INTO drink_booze VALUES(261,80,58,2,0);
INSERT INTO drink_booze VALUES(262,80,28,1,0);
CREATE TABLE drink_log (
id INTEGER NOT NULL, 
drink_id INTEGER NOT NULL, 
time INTEGER NOT NULL, 
size INTEGER NOT NULL, 
PRIMARY KEY (id), 
FOREIGN KEY(drink_id) REFERENCES drink (id)
);
INSERT INTO drink_log VALUES(1,12,1330219980,15);
INSERT INTO drink_log VALUES(2,16,1330224000,15);
INSERT INTO drink_log VALUES(3,6,1330224060,15);
INSERT INTO drink_log VALUES(4,20,1330224120,15);
INSERT INTO drink_log VALUES(5,1,1330230840,180);
INSERT INTO drink_log VALUES(6,1,1330231500,240);
INSERT INTO drink_log VALUES(7,12,1330231560,15);
INSERT INTO drink_log VALUES(8,12,1330231560,15);
INSERT INTO drink_log VALUES(9,12,1330231620,15);
INSERT INTO drink_log VALUES(10,16,1330231740,120);
INSERT INTO drink_log VALUES(11,37,1330231860,15);
INSERT INTO drink_log VALUES(12,37,1330231860,15);
INSERT INTO drink_log VALUES(13,37,1330231860,240);
INSERT INTO drink_log VALUES(14,29,1330232040,480);
INSERT INTO drink_log VALUES(15,19,1330232160,15);
INSERT INTO drink_log VALUES(16,14,1330232220,15);
INSERT INTO drink_log VALUES(17,2,1330232280,15);
INSERT INTO drink_log VALUES(18,34,1330232340,240);
INSERT INTO drink_log VALUES(19,19,1330232400,150);
INSERT INTO drink_log VALUES(20,34,1330232460,240);
INSERT INTO drink_log VALUES(21,34,1330232520,15);
INSERT INTO drink_log VALUES(22,34,1330232820,15);
INSERT INTO drink_log VALUES(23,34,1330232880,15);
INSERT INTO drink_log VALUES(24,34,1330232940,30);
INSERT INTO drink_log VALUES(25,34,1330232940,15);
INSERT INTO drink_log VALUES(26,24,1330233180,15);
INSERT INTO drink_log VALUES(27,21,1330233240,15);
INSERT INTO drink_log VALUES(28,12,1330233360,15);
INSERT INTO drink_log VALUES(29,12,1330233360,15);
INSERT INTO drink_log VALUES(30,16,1330233540,15);
INSERT INTO drink_log VALUES(31,16,1330233540,240);
INSERT INTO drink_log VALUES(32,12,1330233720,60);
INSERT INTO drink_log VALUES(33,19,1330233960,120);
INSERT INTO drink_log VALUES(34,12,1330234260,120);
INSERT INTO drink_log VALUES(35,16,1330234260,120);
INSERT INTO drink_log VALUES(36,1,1330234440,180);
INSERT INTO drink_log VALUES(37,19,1330234560,120);
INSERT INTO drink_log VALUES(38,38,1330234860,15);
INSERT INTO drink_log VALUES(39,38,1330234860,30);
INSERT INTO drink_log VALUES(40,38,1330235100,30);
INSERT INTO drink_log VALUES(41,34,1330235160,30);
INSERT INTO drink_log VALUES(42,34,1330235220,240);
INSERT INTO drink_log VALUES(43,17,1330235280,240);
INSERT INTO drink_log VALUES(44,34,1330235340,240);
INSERT INTO drink_log VALUES(45,12,1330235400,60);
INSERT INTO drink_log VALUES(46,24,1330235460,30);
INSERT INTO drink_log VALUES(47,1,1330235520,30);
INSERT INTO drink_log VALUES(48,34,1330235520,30);
INSERT INTO drink_log VALUES(49,28,1330230720,240);
INSERT INTO drink_log VALUES(50,1,1330230780,180);
INSERT INTO drink_log VALUES(51,38,1330230960,120);
INSERT INTO drink_log VALUES(52,24,1330231380,120);
INSERT INTO drink_log VALUES(53,34,1330231740,30);
INSERT INTO drink_log VALUES(54,29,1330231800,30);
INSERT INTO drink_log VALUES(55,29,1330231860,240);
INSERT INTO drink_log VALUES(56,28,1330231920,240);
INSERT INTO drink_log VALUES(57,16,1330231980,120);
INSERT INTO drink_log VALUES(58,33,1330232040,240);
INSERT INTO drink_log VALUES(59,38,1330232340,120);
INSERT INTO drink_log VALUES(60,38,1330232400,120);
INSERT INTO drink_log VALUES(61,38,1330232640,60);
INSERT INTO drink_log VALUES(62,24,1330232700,120);
INSERT INTO drink_log VALUES(63,24,1330232760,120);
INSERT INTO drink_log VALUES(64,22,1330233060,120);
INSERT INTO drink_log VALUES(65,28,1330233180,210);
INSERT INTO drink_log VALUES(66,34,1330233240,240);
INSERT INTO drink_log VALUES(67,38,1330233360,120);
INSERT INTO drink_log VALUES(68,1,1330233420,180);
INSERT INTO drink_log VALUES(69,24,1330233480,120);
INSERT INTO drink_log VALUES(70,28,1330233600,420);
INSERT INTO drink_log VALUES(71,28,1330233660,120);
INSERT INTO drink_log VALUES(72,38,1330233720,60);
INSERT INTO drink_log VALUES(73,38,1330234140,180);
INSERT INTO drink_log VALUES(74,34,1330234260,240);
INSERT INTO drink_log VALUES(75,25,1330234440,60);
INSERT INTO drink_log VALUES(76,12,1330235400,120);
INSERT INTO drink_log VALUES(77,12,1330235760,30);
INSERT INTO drink_log VALUES(78,12,1330235820,30);
INSERT INTO drink_log VALUES(79,38,1330235880,120);
INSERT INTO drink_log VALUES(80,38,1330235940,150);
INSERT INTO drink_log VALUES(81,24,1330236300,90);
INSERT INTO drink_log VALUES(82,12,1330236420,90);
INSERT INTO drink_log VALUES(83,37,1330236480,270);
INSERT INTO drink_log VALUES(84,16,1330236540,150);
INSERT INTO drink_log VALUES(85,15,1330236600,120);
INSERT INTO drink_log VALUES(86,37,1330236600,120);
INSERT INTO drink_log VALUES(87,16,1330236660,120);
INSERT INTO drink_log VALUES(88,37,1330236780,360);
INSERT INTO drink_log VALUES(89,14,1330236840,30);
INSERT INTO drink_log VALUES(90,16,1330236900,60);
INSERT INTO drink_log VALUES(91,37,1330236960,180);
INSERT INTO drink_log VALUES(92,25,1330237200,120);
INSERT INTO drink_log VALUES(93,34,1330237500,300);
INSERT INTO drink_log VALUES(94,38,1330237860,120);
INSERT INTO drink_log VALUES(95,37,1330238160,270);
INSERT INTO drink_log VALUES(96,12,1330238220,120);
INSERT INTO drink_log VALUES(97,37,1330240140,360);
INSERT INTO drink_log VALUES(98,28,1330240440,30);
INSERT INTO drink_log VALUES(99,38,1330240860,90);
INSERT INTO drink_log VALUES(100,33,1330675380,30);
INSERT INTO drink_log VALUES(101,16,1330675380,30);
INSERT INTO drink_log VALUES(102,37,1330675440,30);
INSERT INTO drink_log VALUES(103,1,1330675440,30);
INSERT INTO drink_log VALUES(104,29,1330675560,30);
INSERT INTO drink_log VALUES(105,29,1330675680,240);
INSERT INTO drink_log VALUES(106,40,1330676520,90);
INSERT INTO drink_log VALUES(107,6,1330676640,240);
INSERT INTO drink_log VALUES(108,28,1330676700,120);
INSERT INTO drink_log VALUES(109,40,1330676760,120);
INSERT INTO drink_log VALUES(110,32,1330676880,120);
INSERT INTO drink_log VALUES(111,32,1330676940,180);
INSERT INTO drink_log VALUES(112,28,1330677060,150);
INSERT INTO drink_log VALUES(113,37,1330677120,150);
INSERT INTO drink_log VALUES(114,29,1330677180,120);
INSERT INTO drink_log VALUES(115,32,1330677240,120);
INSERT INTO drink_log VALUES(116,21,1330677300,120);
INSERT INTO drink_log VALUES(117,6,1330677360,30);
INSERT INTO drink_log VALUES(118,32,1330677480,90);
INSERT INTO drink_log VALUES(119,33,1330677540,120);
INSERT INTO drink_log VALUES(120,40,1330677600,120);
INSERT INTO drink_log VALUES(121,32,1330677660,120);
INSERT INTO drink_log VALUES(122,28,1330677720,120);
INSERT INTO drink_log VALUES(123,29,1330677840,120);
INSERT INTO drink_log VALUES(124,10,1330677900,120);
INSERT INTO drink_log VALUES(125,28,1330677960,120);
INSERT INTO drink_log VALUES(126,19,1330678080,120);
INSERT INTO drink_log VALUES(127,24,1330678140,120);
INSERT INTO drink_log VALUES(128,12,1330678200,120);
INSERT INTO drink_log VALUES(129,28,1330678260,120);
INSERT INTO drink_log VALUES(130,1,1330678260,120);
INSERT INTO drink_log VALUES(131,6,1330678320,30);
INSERT INTO drink_log VALUES(132,28,1330678440,120);
INSERT INTO drink_log VALUES(133,41,1330678500,180);
INSERT INTO drink_log VALUES(134,28,1330678560,150);
INSERT INTO drink_log VALUES(135,16,1330678620,150);
INSERT INTO drink_log VALUES(136,40,1330678680,150);
INSERT INTO drink_log VALUES(137,32,1330678740,150);
INSERT INTO drink_log VALUES(138,33,1330678800,150);
INSERT INTO drink_log VALUES(139,29,1330678860,120);
INSERT INTO drink_log VALUES(140,14,1330678920,120);
INSERT INTO drink_log VALUES(141,12,1330678920,120);
INSERT INTO drink_log VALUES(142,37,1330679040,120);
INSERT INTO drink_log VALUES(143,32,1330679100,120);
INSERT INTO drink_log VALUES(144,12,1330679160,120);
INSERT INTO drink_log VALUES(145,21,1330679160,120);
INSERT INTO drink_log VALUES(146,33,1330679220,120);
INSERT INTO drink_log VALUES(147,28,1330679280,120);
INSERT INTO drink_log VALUES(148,16,1330679280,120);
INSERT INTO drink_log VALUES(149,37,1330679340,120);
INSERT INTO drink_log VALUES(150,24,1330679400,120);
INSERT INTO drink_log VALUES(151,12,1330679460,120);
INSERT INTO drink_log VALUES(152,41,1330679520,120);
INSERT INTO drink_log VALUES(153,28,1330679580,120);
INSERT INTO drink_log VALUES(154,12,1330679640,150);
INSERT INTO drink_log VALUES(155,24,1330679700,120);
INSERT INTO drink_log VALUES(156,21,1330679820,120);
INSERT INTO drink_log VALUES(157,12,1330679880,150);
INSERT INTO drink_log VALUES(158,16,1330679940,150);
INSERT INTO drink_log VALUES(159,14,1330680000,150);
INSERT INTO drink_log VALUES(160,28,1330680000,150);
INSERT INTO drink_log VALUES(161,6,1330680060,150);
INSERT INTO drink_log VALUES(162,16,1330680120,150);
INSERT INTO drink_log VALUES(163,37,1330680180,150);
INSERT INTO drink_log VALUES(164,6,1330680300,120);
INSERT INTO drink_log VALUES(165,29,1330680360,120);
INSERT INTO drink_log VALUES(166,34,1330680420,150);
INSERT INTO drink_log VALUES(167,41,1330680540,120);
INSERT INTO drink_log VALUES(168,24,1330680600,120);
INSERT INTO drink_log VALUES(169,14,1330680660,120);
INSERT INTO drink_log VALUES(170,28,1330680720,120);
INSERT INTO drink_log VALUES(171,2,1330680720,120);
INSERT INTO drink_log VALUES(172,33,1330680780,120);
INSERT INTO drink_log VALUES(173,40,1330680840,120);
INSERT INTO drink_log VALUES(174,34,1330680900,120);
INSERT INTO drink_log VALUES(175,10,1330680960,120);
INSERT INTO drink_log VALUES(176,10,1330680960,120);
INSERT INTO drink_log VALUES(177,41,1330681080,120);
INSERT INTO drink_log VALUES(178,32,1330681140,120);
INSERT INTO drink_log VALUES(179,2,1330681200,120);
INSERT INTO drink_log VALUES(180,22,1330681320,120);
INSERT INTO drink_log VALUES(181,24,1330681320,150);
INSERT INTO drink_log VALUES(182,16,1330681740,150);
INSERT INTO drink_log VALUES(183,32,1330681800,120);
INSERT INTO drink_log VALUES(184,41,1330681860,120);
INSERT INTO drink_log VALUES(185,16,1330681860,120);
INSERT INTO drink_log VALUES(186,28,1330681920,150);
INSERT INTO drink_log VALUES(187,37,1330681980,150);
INSERT INTO drink_log VALUES(188,16,1330681980,120);
INSERT INTO drink_log VALUES(189,16,1330682040,120);
INSERT INTO drink_log VALUES(190,29,1330682100,120);
INSERT INTO drink_log VALUES(191,32,1330670880,150);
INSERT INTO drink_log VALUES(192,41,1330670940,120);
INSERT INTO drink_log VALUES(193,29,1330671000,120);
INSERT INTO drink_log VALUES(194,29,1330671060,120);
INSERT INTO drink_log VALUES(195,28,1330671060,150);
INSERT INTO drink_log VALUES(196,37,1330671120,120);
INSERT INTO drink_log VALUES(197,29,1330671180,120);
INSERT INTO drink_log VALUES(198,1,1330671240,150);
INSERT INTO drink_log VALUES(199,34,1330671300,150);
INSERT INTO drink_log VALUES(200,16,1330671480,150);
INSERT INTO drink_log VALUES(201,6,1330671540,120);
INSERT INTO drink_log VALUES(202,34,1330671600,180);
INSERT INTO drink_log VALUES(203,41,1330671720,120);
INSERT INTO drink_log VALUES(204,16,1330671780,120);
INSERT INTO drink_log VALUES(205,32,1330671840,120);
INSERT INTO drink_log VALUES(206,33,1330671900,120);
INSERT INTO drink_log VALUES(207,32,1330671960,120);
INSERT INTO drink_log VALUES(208,16,1330672020,120);
INSERT INTO drink_log VALUES(209,19,1330672080,120);
INSERT INTO drink_log VALUES(210,16,1330672140,120);
INSERT INTO drink_log VALUES(211,41,1330672200,120);
INSERT INTO drink_log VALUES(212,19,1330672260,120);
INSERT INTO drink_log VALUES(213,34,1330672320,120);
INSERT INTO drink_log VALUES(214,41,1330672380,30);
INSERT INTO drink_log VALUES(215,33,1330672440,120);
INSERT INTO drink_log VALUES(216,28,1330672440,120);
INSERT INTO drink_log VALUES(217,33,1330672500,30);
INSERT INTO drink_log VALUES(218,33,1330672560,120);
INSERT INTO drink_log VALUES(219,37,1330672620,150);
INSERT INTO drink_log VALUES(220,21,1330672680,120);
INSERT INTO drink_log VALUES(221,29,1330672680,120);
INSERT INTO drink_log VALUES(222,41,1330672800,30);
INSERT INTO drink_log VALUES(223,41,1330672800,120);
INSERT INTO drink_log VALUES(224,1,1330672980,120);
INSERT INTO drink_log VALUES(225,34,1330673160,120);
INSERT INTO drink_log VALUES(226,1,1330673220,120);
INSERT INTO drink_log VALUES(227,32,1330673280,120);
INSERT INTO drink_log VALUES(228,28,1330673460,210);
INSERT INTO drink_log VALUES(229,29,1330673520,240);
INSERT INTO drink_log VALUES(230,41,1330673580,30);
INSERT INTO drink_log VALUES(231,16,1330673640,150);
INSERT INTO drink_log VALUES(232,34,1330673640,150);
INSERT INTO drink_log VALUES(233,16,1330673700,150);
INSERT INTO drink_log VALUES(234,28,1330673760,150);
INSERT INTO drink_log VALUES(235,16,1330673760,150);
INSERT INTO drink_log VALUES(236,28,1330673820,150);
INSERT INTO drink_log VALUES(237,14,1330673880,150);
INSERT INTO drink_log VALUES(238,28,1330673940,150);
INSERT INTO drink_log VALUES(239,28,1330674060,150);
INSERT INTO drink_log VALUES(240,16,1330674180,180);
INSERT INTO drink_log VALUES(241,6,1330674540,150);
INSERT INTO drink_log VALUES(242,16,1330674960,150);
INSERT INTO drink_log VALUES(243,16,1330675020,150);
INSERT INTO drink_log VALUES(244,16,1330675200,150);
INSERT INTO drink_log VALUES(245,32,1330675380,180);
INSERT INTO drink_log VALUES(246,32,1330675500,120);
INSERT INTO drink_log VALUES(247,14,1330675560,150);
INSERT INTO drink_log VALUES(248,33,1330675740,120);
INSERT INTO drink_log VALUES(249,34,1330675860,30);
INSERT INTO drink_log VALUES(250,34,1330675920,120);
INSERT INTO drink_log VALUES(251,37,1330675980,120);
INSERT INTO drink_log VALUES(252,33,1330676040,120);
INSERT INTO drink_log VALUES(253,25,1330676400,120);
INSERT INTO drink_log VALUES(254,24,1330676760,120);
INSERT INTO drink_log VALUES(255,12,1330676880,150);
INSERT INTO drink_log VALUES(256,12,1330677000,150);
INSERT INTO drink_log VALUES(257,12,1330677960,150);
INSERT INTO drink_log VALUES(258,12,1330679760,120);
INSERT INTO drink_log VALUES(259,34,1330681860,150);
INSERT INTO drink_log VALUES(260,34,1330682400,150);
INSERT INTO drink_log VALUES(261,37,1330682520,150);
INSERT INTO drink_log VALUES(262,40,1330682580,150);
INSERT INTO drink_log VALUES(263,16,1330682640,150);
INSERT INTO drink_log VALUES(264,22,1330682820,150);
INSERT INTO drink_log VALUES(265,25,1330682940,150);
INSERT INTO drink_log VALUES(266,16,1330683000,150);
INSERT INTO drink_log VALUES(267,34,1330683120,150);
INSERT INTO drink_log VALUES(268,12,1330683240,150);
INSERT INTO drink_log VALUES(269,14,1330683600,150);
INSERT INTO drink_log VALUES(270,6,1330683660,150);
INSERT INTO drink_log VALUES(271,6,1330683780,150);
INSERT INTO drink_log VALUES(272,6,1330683840,150);
INSERT INTO drink_log VALUES(273,15,1330684020,150);
INSERT INTO drink_log VALUES(274,37,1330684140,150);
INSERT INTO drink_log VALUES(275,32,1330684200,150);
INSERT INTO drink_log VALUES(276,33,1330684260,150);
INSERT INTO drink_log VALUES(277,21,1330684260,150);
INSERT INTO drink_log VALUES(278,21,1330684380,150);
INSERT INTO drink_log VALUES(279,32,1330684440,150);
INSERT INTO drink_log VALUES(280,32,1330684500,150);
INSERT INTO drink_log VALUES(281,2,1330684560,150);
INSERT INTO drink_log VALUES(282,32,1330686660,150);
INSERT INTO drink_log VALUES(283,19,1330686660,150);
INSERT INTO drink_log VALUES(284,16,1330686960,150);
INSERT INTO drink_log VALUES(285,16,1330687080,150);
INSERT INTO drink_log VALUES(286,12,1330687140,150);
INSERT INTO drink_log VALUES(287,16,1330687260,150);
INSERT INTO drink_log VALUES(288,2,1330687380,150);
INSERT INTO drink_log VALUES(289,16,1330687440,150);
INSERT INTO drink_log VALUES(290,32,1330687560,150);
INSERT INTO drink_log VALUES(291,32,1330687680,150);
INSERT INTO drink_log VALUES(292,32,1330687740,150);
INSERT INTO drink_log VALUES(293,21,1330687800,150);
INSERT INTO drink_log VALUES(294,6,1330687860,150);
INSERT INTO drink_log VALUES(295,16,1330687920,150);
INSERT INTO drink_log VALUES(296,32,1330687980,150);
INSERT INTO drink_log VALUES(297,21,1330688040,150);
INSERT INTO drink_log VALUES(298,16,1330688100,150);
INSERT INTO drink_log VALUES(299,6,1330688220,150);
INSERT INTO drink_log VALUES(300,32,1330688280,150);
INSERT INTO drink_log VALUES(301,12,1330688340,150);
INSERT INTO drink_log VALUES(302,16,1330688400,150);
INSERT INTO drink_log VALUES(303,22,1330688520,150);
INSERT INTO drink_log VALUES(304,16,1330688820,150);
INSERT INTO drink_log VALUES(305,16,1330688820,150);
INSERT INTO drink_log VALUES(306,32,1330688880,150);
INSERT INTO drink_log VALUES(307,16,1330688940,150);
INSERT INTO drink_log VALUES(308,12,1330689000,150);
INSERT INTO drink_log VALUES(309,32,1330689060,150);
INSERT INTO drink_log VALUES(310,16,1330689060,150);
INSERT INTO drink_log VALUES(311,16,1330689120,150);
INSERT INTO drink_log VALUES(312,32,1330689180,150);
INSERT INTO drink_log VALUES(313,16,1330689300,150);
INSERT INTO drink_log VALUES(314,21,1330689480,150);
INSERT INTO drink_log VALUES(315,21,1330689540,150);
INSERT INTO drink_log VALUES(316,21,1330689720,150);
INSERT INTO drink_log VALUES(317,24,1330689720,150);
INSERT INTO drink_log VALUES(318,29,1330689780,150);
INSERT INTO drink_log VALUES(319,22,1330689840,150);
INSERT INTO drink_log VALUES(320,21,1330684980,150);
INSERT INTO drink_log VALUES(321,22,1330685040,150);
INSERT INTO drink_log VALUES(322,21,1330685100,150);
INSERT INTO drink_log VALUES(323,21,1330685160,150);
INSERT INTO drink_log VALUES(324,24,1330685460,150);
INSERT INTO drink_log VALUES(325,1,1330685520,150);
INSERT INTO drink_log VALUES(326,29,1330685640,150);
INSERT INTO drink_log VALUES(327,28,1330685700,150);
INSERT INTO drink_log VALUES(328,22,1330685760,150);
INSERT INTO drink_log VALUES(329,32,1330685820,150);
INSERT INTO drink_log VALUES(330,22,1330685880,150);
INSERT INTO drink_log VALUES(331,21,1330685880,150);
INSERT INTO drink_log VALUES(332,29,1330685940,150);
INSERT INTO drink_log VALUES(333,32,1330686060,150);
INSERT INTO drink_log VALUES(334,32,1330686420,150);
INSERT INTO drink_log VALUES(335,29,1330686540,150);
INSERT INTO drink_log VALUES(336,32,1330686600,150);
INSERT INTO drink_log VALUES(337,32,1330686720,150);
INSERT INTO drink_log VALUES(338,29,1330686780,150);
INSERT INTO drink_log VALUES(339,21,1330686900,150);
INSERT INTO drink_log VALUES(340,28,1330687080,150);
INSERT INTO drink_log VALUES(341,22,1330687500,150);
INSERT INTO drink_log VALUES(342,32,1330688520,150);
INSERT INTO drink_log VALUES(343,32,1330688580,150);
INSERT INTO drink_log VALUES(344,28,1330689960,150);
INSERT INTO drink_log VALUES(345,22,1330690380,150);
INSERT INTO drink_log VALUES(346,32,1330691280,150);
INSERT INTO drink_log VALUES(347,28,1330691340,150);
INSERT INTO drink_log VALUES(348,32,1330691460,150);
INSERT INTO drink_log VALUES(349,21,1330691520,150);
INSERT INTO drink_log VALUES(350,22,1330691700,150);
INSERT INTO drink_log VALUES(351,39,1335935640,150);
INSERT INTO drink_log VALUES(352,39,1335935700,30);
INSERT INTO drink_log VALUES(353,39,1335935880,30);
INSERT INTO drink_log VALUES(354,39,1335936000,30);
INSERT INTO drink_log VALUES(355,39,1335936000,30);
INSERT INTO drink_log VALUES(356,39,1335936060,30);
INSERT INTO drink_log VALUES(357,39,1335936240,30);
INSERT INTO drink_log VALUES(358,39,1335936300,30);
INSERT INTO drink_log VALUES(359,39,1335936360,90);
INSERT INTO drink_log VALUES(360,39,1335936420,60);
INSERT INTO drink_log VALUES(361,39,1335936480,60);
INSERT INTO drink_log VALUES(362,39,1335936480,60);
INSERT INTO drink_log VALUES(363,39,1335936540,60);
INSERT INTO drink_log VALUES(364,12,1335936540,30);
INSERT INTO drink_log VALUES(365,1,1335936600,90);
INSERT INTO drink_log VALUES(366,39,1335937080,60);
INSERT INTO drink_log VALUES(367,4,1336455780,30);
INSERT INTO drink_log VALUES(368,4,1336456020,30);
INSERT INTO drink_log VALUES(369,4,1336456260,30);
INSERT INTO drink_log VALUES(370,4,1336456440,30);
INSERT INTO drink_log VALUES(371,4,1336456500,30);
INSERT INTO drink_log VALUES(372,4,1336456560,30);
INSERT INTO drink_log VALUES(373,4,1336456560,30);
INSERT INTO drink_log VALUES(374,4,1336456620,30);
INSERT INTO drink_log VALUES(375,4,1336456740,30);
INSERT INTO drink_log VALUES(376,4,1336457160,28);
INSERT INTO drink_log VALUES(377,4,1336457520,28);
INSERT INTO drink_log VALUES(378,4,1336536240,30);
INSERT INTO drink_log VALUES(379,4,1336536300,30);
INSERT INTO drink_log VALUES(380,4,1336536480,30);
INSERT INTO drink_log VALUES(381,4,1336536540,60);
INSERT INTO drink_log VALUES(382,4,1336536720,30);
INSERT INTO drink_log VALUES(383,4,1336536720,30);
INSERT INTO drink_log VALUES(384,4,1336536720,30);
INSERT INTO drink_log VALUES(385,4,1336536780,30);
INSERT INTO drink_log VALUES(386,4,1336536780,30);
INSERT INTO drink_log VALUES(387,4,1336537020,30);
INSERT INTO drink_log VALUES(388,4,1336537260,30);
INSERT INTO drink_log VALUES(389,4,1336537380,30);
INSERT INTO drink_log VALUES(390,4,1336537380,30);
INSERT INTO drink_log VALUES(391,4,1336612320,30);
INSERT INTO drink_log VALUES(392,4,1336612320,30);
INSERT INTO drink_log VALUES(393,4,1336612320,30);
INSERT INTO drink_log VALUES(394,4,1336612380,30);
INSERT INTO drink_log VALUES(395,4,1336612380,30);
INSERT INTO drink_log VALUES(396,4,1336612380,30);
INSERT INTO drink_log VALUES(397,48,1336875120,119);
INSERT INTO drink_log VALUES(398,4,1336875120,149);
INSERT INTO drink_log VALUES(399,4,1336875420,150);
INSERT INTO drink_log VALUES(400,4,1336875420,150);
INSERT INTO drink_log VALUES(401,4,1336875540,149);
INSERT INTO drink_log VALUES(402,4,1336875600,149);
INSERT INTO drink_log VALUES(403,46,1336875720,120);
INSERT INTO drink_log VALUES(404,46,1336875780,150);
INSERT INTO drink_log VALUES(405,46,1336875780,120);
INSERT INTO drink_log VALUES(406,48,1336875900,119);
INSERT INTO drink_log VALUES(407,50,1336875900,90);
INSERT INTO drink_log VALUES(408,50,1336875960,89);
INSERT INTO drink_log VALUES(409,4,1336876020,150);
INSERT INTO drink_log VALUES(410,48,1336876140,119);
INSERT INTO drink_log VALUES(411,4,1336876260,149);
INSERT INTO drink_log VALUES(412,48,1336876320,120);
INSERT INTO drink_log VALUES(413,46,1336876320,120);
INSERT INTO drink_log VALUES(414,50,1336876380,60);
INSERT INTO drink_log VALUES(415,4,1336876440,29);
INSERT INTO drink_log VALUES(416,4,1336876500,119);
INSERT INTO drink_log VALUES(417,46,1336876560,120);
INSERT INTO drink_log VALUES(418,4,1336876620,149);
INSERT INTO drink_log VALUES(419,50,1336876680,119);
INSERT INTO drink_log VALUES(420,50,1336876740,90);
INSERT INTO drink_log VALUES(421,48,1336877100,120);
INSERT INTO drink_log VALUES(422,46,1336877220,120);
INSERT INTO drink_log VALUES(423,50,1336877280,60);
INSERT INTO drink_log VALUES(424,48,1336877340,179);
INSERT INTO drink_log VALUES(425,47,1336877400,120);
INSERT INTO drink_log VALUES(426,46,1336877460,120);
INSERT INTO drink_log VALUES(427,4,1336877520,150);
INSERT INTO drink_log VALUES(428,4,1336877580,150);
INSERT INTO drink_log VALUES(429,47,1336877640,120);
INSERT INTO drink_log VALUES(430,4,1336877700,150);
INSERT INTO drink_log VALUES(431,46,1336877760,150);
INSERT INTO drink_log VALUES(432,47,1336877820,120);
INSERT INTO drink_log VALUES(433,4,1336877820,150);
INSERT INTO drink_log VALUES(434,47,1336877880,120);
INSERT INTO drink_log VALUES(435,47,1336877940,120);
INSERT INTO drink_log VALUES(436,4,1336878000,150);
INSERT INTO drink_log VALUES(437,47,1336878060,29);
INSERT INTO drink_log VALUES(438,47,1336878120,119);
INSERT INTO drink_log VALUES(439,47,1336878180,120);
INSERT INTO drink_log VALUES(440,50,1336878240,179);
INSERT INTO drink_log VALUES(441,47,1336878240,120);
INSERT INTO drink_log VALUES(442,47,1336878300,30);
INSERT INTO drink_log VALUES(443,47,1336878300,120);
INSERT INTO drink_log VALUES(444,4,1336878360,150);
INSERT INTO drink_log VALUES(445,4,1336878420,180);
INSERT INTO drink_log VALUES(446,4,1336878600,120);
INSERT INTO drink_log VALUES(447,4,1336878720,180);
INSERT INTO drink_log VALUES(448,47,1336878780,120);
INSERT INTO drink_log VALUES(449,47,1336878840,120);
INSERT INTO drink_log VALUES(450,47,1336879020,150);
INSERT INTO drink_log VALUES(451,47,1336879020,120);
INSERT INTO drink_log VALUES(452,47,1336879080,149);
INSERT INTO drink_log VALUES(453,46,1336879260,90);
INSERT INTO drink_log VALUES(454,4,1336879320,150);
INSERT INTO drink_log VALUES(455,47,1336879380,150);
INSERT INTO drink_log VALUES(456,4,1336879500,150);
INSERT INTO drink_log VALUES(457,46,1336879560,150);
INSERT INTO drink_log VALUES(458,46,1336879560,150);
INSERT INTO drink_log VALUES(459,47,1336879680,150);
INSERT INTO drink_log VALUES(460,4,1336879740,150);
INSERT INTO drink_log VALUES(461,47,1336879740,120);
INSERT INTO drink_log VALUES(462,46,1336879800,149);
INSERT INTO drink_log VALUES(463,46,1336879860,29);
INSERT INTO drink_log VALUES(464,47,1336879920,120);
INSERT INTO drink_log VALUES(465,4,1336879980,149);
INSERT INTO drink_log VALUES(466,47,1336879980,29);
INSERT INTO drink_log VALUES(467,4,1336880040,150);
INSERT INTO drink_log VALUES(468,47,1336880160,30);
INSERT INTO drink_log VALUES(469,47,1336880160,30);
INSERT INTO drink_log VALUES(470,47,1336880220,150);
INSERT INTO drink_log VALUES(471,47,1336880280,150);
INSERT INTO drink_log VALUES(472,46,1336880280,29);
INSERT INTO drink_log VALUES(473,46,1336880400,150);
INSERT INTO drink_log VALUES(474,46,1336880520,60);
INSERT INTO drink_log VALUES(475,46,1336880640,150);
INSERT INTO drink_log VALUES(476,47,1336880700,150);
INSERT INTO drink_log VALUES(477,50,1336880760,150);
INSERT INTO drink_log VALUES(478,4,1336880880,150);
INSERT INTO drink_log VALUES(479,46,1336880940,180);
INSERT INTO drink_log VALUES(480,4,1336881060,120);
INSERT INTO drink_log VALUES(481,4,1336881120,150);
INSERT INTO drink_log VALUES(482,47,1336881180,149);
INSERT INTO drink_log VALUES(483,47,1336881300,149);
INSERT INTO drink_log VALUES(484,46,1336881420,150);
INSERT INTO drink_log VALUES(485,46,1336881480,150);
INSERT INTO drink_log VALUES(486,48,1336881480,150);
INSERT INTO drink_log VALUES(487,47,1336881540,150);
INSERT INTO drink_log VALUES(488,48,1336881600,180);
INSERT INTO drink_log VALUES(489,4,1336881660,150);
INSERT INTO drink_log VALUES(490,48,1336881780,180);
INSERT INTO drink_log VALUES(491,4,1336881900,180);
INSERT INTO drink_log VALUES(492,4,1336881960,180);
INSERT INTO drink_log VALUES(493,47,1336882020,179);
INSERT INTO drink_log VALUES(494,46,1336882020,150);
INSERT INTO drink_log VALUES(495,4,1336882140,150);
INSERT INTO drink_log VALUES(496,4,1336882140,150);
INSERT INTO drink_log VALUES(497,47,1336882200,150);
INSERT INTO drink_log VALUES(498,48,1336882260,150);
INSERT INTO drink_log VALUES(499,4,1336882260,150);
INSERT INTO drink_log VALUES(500,4,1336882320,150);
INSERT INTO drink_log VALUES(501,4,1336882320,150);
INSERT INTO drink_log VALUES(502,46,1336882380,150);
INSERT INTO drink_log VALUES(503,46,1336882440,150);
INSERT INTO drink_log VALUES(504,47,1336882500,150);
INSERT INTO drink_log VALUES(505,47,1336882560,149);
INSERT INTO drink_log VALUES(506,48,1336882620,180);
INSERT INTO drink_log VALUES(507,48,1336882800,180);
INSERT INTO drink_log VALUES(508,4,1336882860,180);
INSERT INTO drink_log VALUES(509,4,1336883100,150);
INSERT INTO drink_log VALUES(510,46,1336883160,150);
INSERT INTO drink_log VALUES(511,4,1336883160,150);
INSERT INTO drink_log VALUES(512,4,1336883220,150);
INSERT INTO drink_log VALUES(513,4,1336883220,179);
INSERT INTO drink_log VALUES(514,4,1336883280,210);
INSERT INTO drink_log VALUES(515,50,1336883400,179);
INSERT INTO drink_log VALUES(516,4,1336883520,90);
INSERT INTO drink_log VALUES(517,4,1336883580,119);
INSERT INTO drink_log VALUES(518,4,1336883760,180);
INSERT INTO drink_log VALUES(519,46,1336883820,150);
INSERT INTO drink_log VALUES(520,4,1336883880,180);
INSERT INTO drink_log VALUES(521,47,1336883940,180);
INSERT INTO drink_log VALUES(522,48,1336884000,150);
INSERT INTO drink_log VALUES(523,47,1336884000,150);
INSERT INTO drink_log VALUES(524,4,1336884060,150);
INSERT INTO drink_log VALUES(525,4,1336884120,150);
INSERT INTO drink_log VALUES(526,47,1336884180,180);
INSERT INTO drink_log VALUES(527,47,1336884240,150);
INSERT INTO drink_log VALUES(528,46,1336884240,180);
INSERT INTO drink_log VALUES(529,4,1336884360,179);
INSERT INTO drink_log VALUES(530,4,1336884360,150);
INSERT INTO drink_log VALUES(531,4,1336884420,30);
INSERT INTO drink_log VALUES(532,46,1336884600,149);
INSERT INTO drink_log VALUES(533,47,1336884840,149);
INSERT INTO drink_log VALUES(534,48,1336884900,209);
INSERT INTO drink_log VALUES(535,4,1336885380,150);
INSERT INTO drink_log VALUES(536,48,1336885440,150);
INSERT INTO drink_log VALUES(537,4,1336885440,150);
INSERT INTO drink_log VALUES(538,4,1336885500,150);
INSERT INTO drink_log VALUES(539,46,1336885560,150);
INSERT INTO drink_log VALUES(540,48,1336885620,150);
INSERT INTO drink_log VALUES(541,46,1336885800,150);
INSERT INTO drink_log VALUES(542,48,1336886340,180);
INSERT INTO drink_log VALUES(543,4,1336886400,150);
INSERT INTO drink_log VALUES(544,4,1336887300,149);
INSERT INTO drink_log VALUES(545,4,1336887540,150);
INSERT INTO drink_log VALUES(546,46,1336887600,149);
INSERT INTO drink_log VALUES(547,4,1336887660,180);
INSERT INTO drink_log VALUES(548,4,1336887660,180);
INSERT INTO drink_log VALUES(549,4,1336887720,150);
INSERT INTO drink_log VALUES(550,46,1336887780,90);
INSERT INTO drink_log VALUES(551,46,1336887900,179);
INSERT INTO drink_log VALUES(552,46,1336887960,179);
INSERT INTO drink_log VALUES(553,47,1336888020,149);
INSERT INTO drink_log VALUES(554,47,1336888080,180);
INSERT INTO drink_log VALUES(555,47,1336888140,149);
INSERT INTO drink_log VALUES(556,4,1336888260,150);
INSERT INTO drink_log VALUES(557,48,1336889340,150);
INSERT INTO drink_log VALUES(558,50,1336889400,150);
INSERT INTO drink_log VALUES(559,4,1336889400,150);
INSERT INTO drink_log VALUES(560,4,1336889460,150);
INSERT INTO drink_log VALUES(561,46,1336889580,149);
INSERT INTO drink_log VALUES(562,46,1336889760,149);
INSERT INTO drink_log VALUES(563,4,1336889880,180);
INSERT INTO drink_log VALUES(564,4,1336889880,179);
INSERT INTO drink_log VALUES(565,4,1336889940,210);
INSERT INTO drink_log VALUES(566,4,1336890060,180);
INSERT INTO drink_log VALUES(567,48,1336890180,180);
INSERT INTO drink_log VALUES(568,4,1336890240,179);
INSERT INTO drink_log VALUES(569,50,1336890960,150);
INSERT INTO drink_log VALUES(570,50,1336891020,150);
INSERT INTO drink_log VALUES(571,50,1336891020,150);
INSERT INTO drink_log VALUES(572,47,1336891500,149);
INSERT INTO drink_log VALUES(573,47,1336891500,149);
INSERT INTO drink_log VALUES(574,46,1336891920,149);
INSERT INTO drink_log VALUES(575,46,1336891980,179);
INSERT INTO drink_log VALUES(576,47,1336892700,150);
INSERT INTO drink_log VALUES(577,46,1336893300,150);
INSERT INTO drink_log VALUES(578,4,1336893360,30);
INSERT INTO drink_log VALUES(579,4,1336893360,150);
INSERT INTO drink_log VALUES(580,4,1336893900,150);
INSERT INTO drink_log VALUES(581,4,1336893960,150);
INSERT INTO drink_log VALUES(582,4,1336893960,150);
INSERT INTO drink_log VALUES(583,4,1336894380,150);
INSERT INTO drink_log VALUES(584,4,1336894800,150);
INSERT INTO drink_log VALUES(585,4,1336894980,180);
INSERT INTO drink_log VALUES(586,4,1336895040,180);
INSERT INTO drink_log VALUES(587,4,1336895400,179);
INSERT INTO drink_log VALUES(588,4,1336895460,150);
INSERT INTO drink_log VALUES(589,4,1336895940,90);
INSERT INTO drink_log VALUES(590,46,1336897080,90);
INSERT INTO drink_log VALUES(591,4,1336897140,90);
INSERT INTO drink_log VALUES(592,46,1336898220,180);
INSERT INTO drink_log VALUES(593,46,1336898400,30);
INSERT INTO drink_log VALUES(594,4,1336898400,30);
INSERT INTO drink_log VALUES(595,4,1336898460,150);
INSERT INTO drink_log VALUES(596,46,1336898880,180);
INSERT INTO drink_log VALUES(597,46,1336898940,150);
INSERT INTO drink_log VALUES(598,37,1335937800,150);
INSERT INTO drink_log VALUES(599,37,1335937920,150);
INSERT INTO drink_log VALUES(600,34,1335938580,150);
INSERT INTO drink_log VALUES(601,38,1338595440,150);
INSERT INTO drink_log VALUES(602,38,1338595860,90);
INSERT INTO drink_log VALUES(603,38,1338595980,30);
INSERT INTO drink_log VALUES(604,38,1338595980,30);
INSERT INTO drink_log VALUES(605,38,1338596040,30);
INSERT INTO drink_log VALUES(606,36,1338596160,30);
INSERT INTO drink_log VALUES(607,36,1338596220,30);
INSERT INTO drink_log VALUES(608,33,1338596820,90);
INSERT INTO drink_log VALUES(609,35,1338597060,30);
INSERT INTO drink_log VALUES(610,35,1338597180,30);
INSERT INTO drink_log VALUES(611,35,1338597240,30);
INSERT INTO drink_log VALUES(612,35,1338597300,30);
INSERT INTO drink_log VALUES(613,35,1338597420,29);
INSERT INTO drink_log VALUES(614,35,1338597480,30);
INSERT INTO drink_log VALUES(615,33,1338597600,90);
INSERT INTO drink_log VALUES(616,38,1338597660,90);
INSERT INTO drink_log VALUES(617,16,1338597720,90);
INSERT INTO drink_log VALUES(618,4,1338597900,60);
INSERT INTO drink_log VALUES(619,28,1338598020,90);
INSERT INTO drink_log VALUES(620,4,1338598140,30);
INSERT INTO drink_log VALUES(621,29,1338598560,60);
INSERT INTO drink_log VALUES(622,2,1338598620,90);
INSERT INTO drink_log VALUES(623,38,1338598680,90);
INSERT INTO drink_log VALUES(624,37,1338598920,90);
INSERT INTO drink_log VALUES(625,38,1338599100,90);
INSERT INTO drink_log VALUES(626,33,1338599340,90);
INSERT INTO drink_log VALUES(627,34,1338599400,60);
INSERT INTO drink_log VALUES(628,6,1338599460,60);
INSERT INTO drink_log VALUES(629,10,1338599520,90);
INSERT INTO drink_log VALUES(630,2,1338599640,90);
INSERT INTO drink_log VALUES(631,24,1338599820,30);
INSERT INTO drink_log VALUES(632,19,1338600060,60);
INSERT INTO drink_log VALUES(633,35,1338600360,60);
INSERT INTO drink_log VALUES(634,1,1338600420,90);
INSERT INTO drink_log VALUES(635,25,1338600480,90);
INSERT INTO drink_log VALUES(636,8,1338600600,60);
INSERT INTO drink_log VALUES(637,8,1338600780,30);
INSERT INTO drink_log VALUES(638,4,1338601020,60);
INSERT INTO drink_log VALUES(639,15,1338601080,60);
INSERT INTO drink_log VALUES(640,8,1338601260,90);
INSERT INTO drink_log VALUES(641,16,1338601260,90);
INSERT INTO drink_log VALUES(642,6,1338601380,120);
INSERT INTO drink_log VALUES(643,4,1338601560,90);
INSERT INTO drink_log VALUES(644,35,1338601620,89);
INSERT INTO drink_log VALUES(645,4,1338601680,90);
INSERT INTO drink_log VALUES(646,38,1338601740,120);
INSERT INTO drink_log VALUES(647,1,1338601800,60);
INSERT INTO drink_log VALUES(648,24,1338602040,60);
INSERT INTO drink_log VALUES(649,12,1338602160,60);
INSERT INTO drink_log VALUES(650,33,1338602220,30);
INSERT INTO drink_log VALUES(651,4,1338602460,90);
INSERT INTO drink_log VALUES(652,19,1338602520,90);
INSERT INTO drink_log VALUES(653,18,1338602580,60);
INSERT INTO drink_log VALUES(654,28,1338602640,120);
INSERT INTO drink_log VALUES(655,15,1338602760,60);
INSERT INTO drink_log VALUES(656,2,1338602820,90);
INSERT INTO drink_log VALUES(657,37,1338603000,90);
INSERT INTO drink_log VALUES(658,18,1338603180,89);
INSERT INTO drink_log VALUES(659,15,1338603300,90);
INSERT INTO drink_log VALUES(660,37,1338603360,90);
INSERT INTO drink_log VALUES(661,38,1338603420,90);
INSERT INTO drink_log VALUES(662,34,1338603480,90);
INSERT INTO drink_log VALUES(663,16,1338603540,90);
INSERT INTO drink_log VALUES(664,15,1338603660,90);
INSERT INTO drink_log VALUES(665,14,1338603780,30);
INSERT INTO drink_log VALUES(666,37,1338603840,90);
INSERT INTO drink_log VALUES(667,45,1338603900,90);
INSERT INTO drink_log VALUES(668,34,1338604080,90);
INSERT INTO drink_log VALUES(669,34,1338604200,90);
INSERT INTO drink_log VALUES(670,34,1338604260,90);
INSERT INTO drink_log VALUES(671,38,1338604380,30);
INSERT INTO drink_log VALUES(672,38,1338604500,90);
INSERT INTO drink_log VALUES(673,38,1338604500,30);
INSERT INTO drink_log VALUES(674,27,1338604620,90);
INSERT INTO drink_log VALUES(675,35,1338604680,90);
INSERT INTO drink_log VALUES(676,25,1338604740,30);
INSERT INTO drink_log VALUES(677,28,1338604860,90);
INSERT INTO drink_log VALUES(678,38,1338605280,30);
INSERT INTO drink_log VALUES(679,38,1338605340,90);
INSERT INTO drink_log VALUES(680,38,1338605400,30);
INSERT INTO drink_log VALUES(681,36,1338605400,89);
INSERT INTO drink_log VALUES(682,38,1338605460,90);
INSERT INTO drink_log VALUES(683,37,1338605820,90);
INSERT INTO drink_log VALUES(684,2,1338605940,90);
INSERT INTO drink_log VALUES(685,33,1338606180,90);
INSERT INTO drink_log VALUES(686,37,1338606240,90);
INSERT INTO drink_log VALUES(687,18,1338606360,89);
INSERT INTO drink_log VALUES(688,13,1338606480,29);
INSERT INTO drink_log VALUES(689,13,1338607080,29);
INSERT INTO drink_log VALUES(690,16,1338607140,90);
INSERT INTO drink_log VALUES(691,13,1338607200,29);
INSERT INTO drink_log VALUES(692,8,1338607440,30);
INSERT INTO drink_log VALUES(693,6,1338607680,90);
INSERT INTO drink_log VALUES(694,4,1338607800,30);
INSERT INTO drink_log VALUES(695,4,1338607860,90);
INSERT INTO drink_log VALUES(696,36,1338607980,90);
INSERT INTO drink_log VALUES(697,16,1338607980,29);
INSERT INTO drink_log VALUES(698,24,1338608100,90);
INSERT INTO drink_log VALUES(699,38,1338608100,90);
INSERT INTO drink_log VALUES(700,7,1338608160,90);
INSERT INTO drink_log VALUES(701,4,1338608220,30);
INSERT INTO drink_log VALUES(702,38,1338608340,90);
INSERT INTO drink_log VALUES(703,10,1338608400,90);
INSERT INTO drink_log VALUES(704,16,1338608700,90);
INSERT INTO drink_log VALUES(705,8,1338608760,90);
INSERT INTO drink_log VALUES(706,12,1338609000,90);
INSERT INTO drink_log VALUES(707,35,1338609180,30);
INSERT INTO drink_log VALUES(708,27,1338609300,30);
INSERT INTO drink_log VALUES(709,38,1338609420,30);
INSERT INTO drink_log VALUES(710,2,1338609480,90);
INSERT INTO drink_log VALUES(711,16,1338609540,90);
INSERT INTO drink_log VALUES(712,12,1338609540,90);
INSERT INTO drink_log VALUES(713,27,1338609600,30);
INSERT INTO drink_log VALUES(714,33,1338609720,90);
INSERT INTO drink_log VALUES(715,10,1338610680,29);
INSERT INTO drink_log VALUES(716,1,1338610860,30);
INSERT INTO drink_log VALUES(717,1,1338610860,30);
INSERT INTO drink_log VALUES(718,37,1338610920,90);
INSERT INTO drink_log VALUES(719,36,1338611040,30);
INSERT INTO drink_log VALUES(720,36,1338611160,30);
INSERT INTO drink_log VALUES(721,2,1338611340,29);
INSERT INTO drink_log VALUES(722,36,1338611460,90);
INSERT INTO drink_log VALUES(723,36,1338611640,90);
INSERT INTO drink_log VALUES(724,36,1338611760,90);
INSERT INTO drink_log VALUES(725,36,1338611820,90);
INSERT INTO drink_log VALUES(726,36,1338611940,90);
INSERT INTO drink_log VALUES(727,36,1338612060,90);
INSERT INTO drink_log VALUES(728,36,1338612060,90);
INSERT INTO drink_log VALUES(729,12,1338612960,90);
INSERT INTO drink_log VALUES(730,27,1338612960,30);
INSERT INTO drink_log VALUES(731,51,1338613320,90);
INSERT INTO drink_log VALUES(732,51,1338613440,89);
INSERT INTO drink_log VALUES(733,8,1338613620,77);
INSERT INTO drink_log VALUES(734,8,1338613740,90);
INSERT INTO drink_log VALUES(735,51,1338614640,89);
INSERT INTO drink_log VALUES(736,36,1338615720,29);
INSERT INTO drink_log VALUES(737,36,1338615720,29);
INSERT INTO drink_log VALUES(738,18,1338615900,30);
INSERT INTO drink_log VALUES(739,18,1338616140,89);
INSERT INTO drink_log VALUES(740,35,1338616380,90);
INSERT INTO drink_log VALUES(741,24,1338616740,90);
INSERT INTO drink_log VALUES(742,33,1338617520,90);
INSERT INTO drink_log VALUES(743,38,1338617700,90);
INSERT INTO drink_log VALUES(744,35,1338618480,90);
INSERT INTO drink_log VALUES(745,25,1338618540,30);
INSERT INTO drink_log VALUES(746,4,1338619500,90);
INSERT INTO drink_log VALUES(747,22,1338619620,30);
INSERT INTO drink_log VALUES(748,22,1338619860,90);
INSERT INTO drink_log VALUES(749,19,1338619920,90);
INSERT INTO drink_log VALUES(750,2,1338620040,90);
INSERT INTO drink_log VALUES(751,20,1338620160,30);
INSERT INTO drink_log VALUES(752,51,1338620520,89);
INSERT INTO drink_log VALUES(753,12,1338583380,90);
INSERT INTO drink_log VALUES(754,12,1338583440,30);
INSERT INTO drink_log VALUES(755,12,1338583440,30);
INSERT INTO drink_log VALUES(756,12,1338583500,30);
INSERT INTO drink_log VALUES(757,12,1338583740,30);
INSERT INTO drink_log VALUES(758,12,1338583740,30);
INSERT INTO drink_log VALUES(759,4,1338587040,90);
INSERT INTO drink_log VALUES(760,4,1338587220,90);
INSERT INTO drink_log VALUES(761,36,1338587280,90);
INSERT INTO drink_log VALUES(762,37,1338587280,90);
INSERT INTO drink_log VALUES(763,34,1338587280,90);
INSERT INTO drink_log VALUES(764,4,1338589500,90);
INSERT INTO drink_log VALUES(765,14,1338589920,90);
INSERT INTO drink_log VALUES(766,38,1338589920,90);
INSERT INTO drink_log VALUES(767,12,1338644640,90);
INSERT INTO drink_log VALUES(768,38,1342222620,90);
INSERT INTO drink_log VALUES(769,34,1342222680,90);
INSERT INTO drink_log VALUES(770,34,1342222980,89);
INSERT INTO drink_log VALUES(771,37,1342223160,90);
INSERT INTO drink_log VALUES(772,3,1342223580,90);
INSERT INTO drink_log VALUES(773,34,1342223580,90);
INSERT INTO drink_log VALUES(774,3,1342223700,90);
INSERT INTO drink_log VALUES(775,37,1342224780,90);
INSERT INTO drink_log VALUES(776,16,1342224900,90);
INSERT INTO drink_log VALUES(777,36,1342225020,90);
INSERT INTO drink_log VALUES(778,37,1342226100,90);
INSERT INTO drink_log VALUES(779,37,1342226340,90);
INSERT INTO drink_log VALUES(780,37,1342226520,90);
INSERT INTO drink_log VALUES(781,38,1342227540,90);
INSERT INTO drink_log VALUES(782,1,1342227720,90);
INSERT INTO drink_log VALUES(783,2,1342227840,90);
INSERT INTO drink_log VALUES(784,3,1342227900,90);
INSERT INTO drink_log VALUES(785,34,1342228740,89);
INSERT INTO drink_log VALUES(786,6,1342228800,90);
INSERT INTO drink_log VALUES(787,34,1342229100,90);
INSERT INTO drink_log VALUES(788,34,1342229940,90);
INSERT INTO drink_log VALUES(789,38,1342231380,90);
INSERT INTO drink_log VALUES(790,36,1342231500,90);
INSERT INTO drink_log VALUES(791,34,1342231860,89);
INSERT INTO drink_log VALUES(792,36,1342231980,89);
INSERT INTO drink_log VALUES(793,24,1342232940,90);
INSERT INTO drink_log VALUES(794,4,1342233000,90);
INSERT INTO drink_log VALUES(795,38,1342233060,90);
INSERT INTO drink_log VALUES(796,16,1342233540,90);
INSERT INTO drink_log VALUES(797,36,1342233600,90);
INSERT INTO drink_log VALUES(798,16,1342233660,90);
INSERT INTO drink_log VALUES(799,16,1342233780,90);
INSERT INTO drink_log VALUES(800,38,1342233840,90);
INSERT INTO drink_log VALUES(801,37,1342233900,90);
INSERT INTO drink_log VALUES(802,38,1342234020,90);
INSERT INTO drink_log VALUES(803,38,1342234260,90);
INSERT INTO drink_log VALUES(804,3,1342234320,90);
INSERT INTO drink_log VALUES(805,37,1342234440,90);
INSERT INTO drink_log VALUES(806,34,1342234620,89);
INSERT INTO drink_log VALUES(807,29,1342234740,90);
INSERT INTO drink_log VALUES(808,15,1342234920,90);
INSERT INTO drink_log VALUES(809,38,1342234980,90);
INSERT INTO drink_log VALUES(810,35,1342235040,90);
INSERT INTO drink_log VALUES(811,38,1342235160,90);
INSERT INTO drink_log VALUES(812,29,1342235220,90);
INSERT INTO drink_log VALUES(813,29,1342235220,90);
INSERT INTO drink_log VALUES(814,38,1342235880,90);
INSERT INTO drink_log VALUES(815,37,1342236180,90);
INSERT INTO drink_log VALUES(816,34,1342236300,90);
INSERT INTO drink_log VALUES(817,1,1342236420,90);
INSERT INTO drink_log VALUES(818,2,1342236480,90);
INSERT INTO drink_log VALUES(819,37,1342236480,90);
INSERT INTO drink_log VALUES(820,36,1342236540,90);
INSERT INTO drink_log VALUES(821,12,1342236540,90);
INSERT INTO drink_log VALUES(822,36,1342236600,90);
INSERT INTO drink_log VALUES(823,36,1342236600,90);
INSERT INTO drink_log VALUES(824,36,1342236660,90);
INSERT INTO drink_log VALUES(825,1,1342236720,90);
INSERT INTO drink_log VALUES(826,45,1342236780,90);
INSERT INTO drink_log VALUES(827,38,1342236780,90);
INSERT INTO drink_log VALUES(828,34,1342236840,90);
INSERT INTO drink_log VALUES(829,34,1342236900,90);
INSERT INTO drink_log VALUES(830,51,1342236900,89);
INSERT INTO drink_log VALUES(831,38,1342237020,90);
INSERT INTO drink_log VALUES(832,45,1342237080,90);
INSERT INTO drink_log VALUES(833,45,1342237080,90);
INSERT INTO drink_log VALUES(834,38,1342237140,90);
INSERT INTO drink_log VALUES(835,38,1342237140,90);
INSERT INTO drink_log VALUES(836,24,1342237200,90);
INSERT INTO drink_log VALUES(837,37,1342237260,90);
INSERT INTO drink_log VALUES(838,38,1342237320,90);
INSERT INTO drink_log VALUES(839,37,1342237500,90);
INSERT INTO drink_log VALUES(840,38,1342237500,90);
INSERT INTO drink_log VALUES(841,37,1342237620,90);
INSERT INTO drink_log VALUES(842,51,1342237620,89);
INSERT INTO drink_log VALUES(843,51,1342237680,89);
INSERT INTO drink_log VALUES(844,38,1342237740,90);
INSERT INTO drink_log VALUES(845,37,1342237860,90);
INSERT INTO drink_log VALUES(846,36,1342237860,89);
INSERT INTO drink_log VALUES(847,10,1342237920,89);
INSERT INTO drink_log VALUES(848,21,1342237980,90);
INSERT INTO drink_log VALUES(849,29,1342238040,90);
INSERT INTO drink_log VALUES(850,7,1342238100,90);
INSERT INTO drink_log VALUES(851,51,1342238160,89);
INSERT INTO drink_log VALUES(852,36,1342238220,90);
INSERT INTO drink_log VALUES(853,37,1342238280,90);
INSERT INTO drink_log VALUES(854,37,1342238340,90);
INSERT INTO drink_log VALUES(855,36,1342238400,90);
INSERT INTO drink_log VALUES(856,37,1342238520,90);
INSERT INTO drink_log VALUES(857,38,1342238580,90);
INSERT INTO drink_log VALUES(858,38,1342238640,90);
INSERT INTO drink_log VALUES(859,38,1342238640,90);
INSERT INTO drink_log VALUES(860,51,1342238880,89);
INSERT INTO drink_log VALUES(861,51,1342239060,89);
INSERT INTO drink_log VALUES(862,51,1342239120,89);
INSERT INTO drink_log VALUES(863,29,1342239120,90);
INSERT INTO drink_log VALUES(864,29,1342239120,90);
INSERT INTO drink_log VALUES(865,1,1342239180,90);
INSERT INTO drink_log VALUES(866,3,1342239300,90);
INSERT INTO drink_log VALUES(867,3,1342239360,90);
INSERT INTO drink_log VALUES(868,3,1342239420,90);
INSERT INTO drink_log VALUES(869,51,1342239420,89);
INSERT INTO drink_log VALUES(870,38,1342239480,90);
INSERT INTO drink_log VALUES(871,37,1342239540,90);
INSERT INTO drink_log VALUES(872,16,1342239600,90);
INSERT INTO drink_log VALUES(873,36,1342239600,89);
INSERT INTO drink_log VALUES(874,36,1342239660,90);
INSERT INTO drink_log VALUES(875,51,1342239720,89);
INSERT INTO drink_log VALUES(876,16,1342239780,90);
INSERT INTO drink_log VALUES(877,16,1342239780,90);
INSERT INTO drink_log VALUES(878,16,1342239840,90);
INSERT INTO drink_log VALUES(879,29,1342239840,90);
INSERT INTO drink_log VALUES(880,36,1342239900,90);
INSERT INTO drink_log VALUES(881,2,1342240080,90);
INSERT INTO drink_log VALUES(882,12,1342240080,90);
INSERT INTO drink_log VALUES(883,16,1342240080,90);
INSERT INTO drink_log VALUES(884,34,1342240140,89);
INSERT INTO drink_log VALUES(885,36,1342240200,90);
INSERT INTO drink_log VALUES(886,16,1342240200,90);
INSERT INTO drink_log VALUES(887,3,1342240260,90);
INSERT INTO drink_log VALUES(888,37,1342240320,90);
INSERT INTO drink_log VALUES(889,24,1342240380,90);
INSERT INTO drink_log VALUES(890,37,1342240440,90);
INSERT INTO drink_log VALUES(891,16,1342240440,90);
INSERT INTO drink_log VALUES(892,29,1342240500,90);
INSERT INTO drink_log VALUES(893,34,1342240560,90);
INSERT INTO drink_log VALUES(894,34,1342240560,90);
INSERT INTO drink_log VALUES(895,34,1342240680,90);
INSERT INTO drink_log VALUES(896,34,1342240680,90);
INSERT INTO drink_log VALUES(897,34,1342240740,90);
INSERT INTO drink_log VALUES(898,51,1342240740,89);
INSERT INTO drink_log VALUES(899,38,1342240800,90);
INSERT INTO drink_log VALUES(900,36,1342240860,90);
INSERT INTO drink_log VALUES(901,36,1342240920,90);
INSERT INTO drink_log VALUES(902,16,1342240920,90);
INSERT INTO drink_log VALUES(903,16,1342240920,90);
INSERT INTO drink_log VALUES(904,16,1342240980,90);
INSERT INTO drink_log VALUES(905,21,1342241040,90);
INSERT INTO drink_log VALUES(906,21,1342241040,90);
INSERT INTO drink_log VALUES(907,36,1342241100,90);
INSERT INTO drink_log VALUES(908,36,1342241160,90);
INSERT INTO drink_log VALUES(909,16,1342241160,90);
INSERT INTO drink_log VALUES(910,4,1342241220,90);
INSERT INTO drink_log VALUES(911,16,1342241280,90);
INSERT INTO drink_log VALUES(912,16,1342241340,90);
INSERT INTO drink_log VALUES(913,16,1342241340,90);
INSERT INTO drink_log VALUES(914,16,1342241340,90);
INSERT INTO drink_log VALUES(915,40,1342241460,90);
INSERT INTO drink_log VALUES(916,36,1342241460,90);
INSERT INTO drink_log VALUES(917,51,1342241520,89);
INSERT INTO drink_log VALUES(918,51,1342241580,89);
INSERT INTO drink_log VALUES(919,29,1342241700,90);
INSERT INTO drink_log VALUES(920,29,1342241700,90);
INSERT INTO drink_log VALUES(921,38,1342241760,90);
INSERT INTO drink_log VALUES(922,13,1342241940,89);
INSERT INTO drink_log VALUES(923,34,1342242000,90);
INSERT INTO drink_log VALUES(924,35,1342242180,90);
INSERT INTO drink_log VALUES(925,37,1342242360,90);
INSERT INTO drink_log VALUES(926,51,1342242600,89);
INSERT INTO drink_log VALUES(927,3,1342242660,90);
INSERT INTO drink_log VALUES(928,3,1342242720,90);
INSERT INTO drink_log VALUES(929,14,1342242780,90);
INSERT INTO drink_log VALUES(930,29,1342242840,90);
INSERT INTO drink_log VALUES(931,14,1342242960,90);
INSERT INTO drink_log VALUES(932,45,1342243020,90);
INSERT INTO drink_log VALUES(933,29,1342243260,90);
INSERT INTO drink_log VALUES(934,29,1342243260,90);
INSERT INTO drink_log VALUES(935,14,1342243320,90);
INSERT INTO drink_log VALUES(936,14,1342243380,90);
INSERT INTO drink_log VALUES(937,7,1342243500,90);
INSERT INTO drink_log VALUES(938,8,1342243620,90);
INSERT INTO drink_log VALUES(939,16,1342243680,90);
INSERT INTO drink_log VALUES(940,4,1342243800,90);
INSERT INTO drink_log VALUES(941,38,1342243800,90);
INSERT INTO drink_log VALUES(942,36,1342243860,90);
INSERT INTO drink_log VALUES(943,29,1342243920,90);
INSERT INTO drink_log VALUES(944,21,1342243920,90);
INSERT INTO drink_log VALUES(945,36,1342243980,90);
INSERT INTO drink_log VALUES(946,34,1342244100,90);
INSERT INTO drink_log VALUES(947,36,1342244100,90);
INSERT INTO drink_log VALUES(948,3,1342244160,90);
INSERT INTO drink_log VALUES(949,16,1342244220,90);
INSERT INTO drink_log VALUES(950,18,1342244280,89);
INSERT INTO drink_log VALUES(951,16,1342244400,90);
INSERT INTO drink_log VALUES(952,4,1342244400,90);
INSERT INTO drink_log VALUES(953,29,1342244460,90);
INSERT INTO drink_log VALUES(954,29,1342244460,90);
INSERT INTO drink_log VALUES(955,12,1342244520,90);
INSERT INTO drink_log VALUES(956,38,1342244520,90);
INSERT INTO drink_log VALUES(957,38,1342244580,90);
INSERT INTO drink_log VALUES(958,36,1342244700,90);
INSERT INTO drink_log VALUES(959,34,1342244700,90);
INSERT INTO drink_log VALUES(960,38,1342244760,90);
INSERT INTO drink_log VALUES(961,12,1342244820,90);
INSERT INTO drink_log VALUES(962,38,1342244940,90);
INSERT INTO drink_log VALUES(963,45,1342245420,89);
INSERT INTO drink_log VALUES(964,36,1342245480,89);
INSERT INTO drink_log VALUES(965,8,1342245600,90);
INSERT INTO drink_log VALUES(966,51,1342245660,89);
INSERT INTO drink_log VALUES(967,37,1342245720,90);
INSERT INTO drink_log VALUES(968,36,1342245720,90);
INSERT INTO drink_log VALUES(969,1,1342245780,90);
INSERT INTO drink_log VALUES(970,12,1342245900,90);
INSERT INTO drink_log VALUES(971,3,1342245960,90);
INSERT INTO drink_log VALUES(972,8,1342246020,90);
INSERT INTO drink_log VALUES(973,34,1342246140,90);
INSERT INTO drink_log VALUES(974,2,1342246380,90);
INSERT INTO drink_log VALUES(975,38,1342246500,90);
INSERT INTO drink_log VALUES(976,38,1342246500,90);
INSERT INTO drink_log VALUES(977,38,1342246500,90);
INSERT INTO drink_log VALUES(978,36,1342246740,89);
INSERT INTO drink_log VALUES(979,16,1342246860,90);
INSERT INTO drink_log VALUES(980,16,1342246860,90);
INSERT INTO drink_log VALUES(981,16,1342246920,90);
INSERT INTO drink_log VALUES(982,3,1342246920,90);
INSERT INTO drink_log VALUES(983,14,1342246980,90);
INSERT INTO drink_log VALUES(984,36,1342247040,90);
INSERT INTO drink_log VALUES(985,4,1342247100,90);
INSERT INTO drink_log VALUES(986,4,1342247160,90);
INSERT INTO drink_log VALUES(987,20,1342247220,90);
INSERT INTO drink_log VALUES(988,20,1342247280,90);
INSERT INTO drink_log VALUES(989,13,1342247340,89);
INSERT INTO drink_log VALUES(990,4,1342247400,90);
INSERT INTO drink_log VALUES(991,29,1342247400,90);
INSERT INTO drink_log VALUES(992,14,1342247460,90);
INSERT INTO drink_log VALUES(993,38,1342247580,90);
INSERT INTO drink_log VALUES(994,45,1342247580,90);
INSERT INTO drink_log VALUES(995,37,1342247760,90);
INSERT INTO drink_log VALUES(996,35,1342247820,89);
INSERT INTO drink_log VALUES(997,27,1342247880,90);
INSERT INTO drink_log VALUES(998,6,1342248000,90);
INSERT INTO drink_log VALUES(999,38,1342248180,90);
INSERT INTO drink_log VALUES(1000,29,1342248480,90);
INSERT INTO drink_log VALUES(1001,3,1342248780,90);
INSERT INTO drink_log VALUES(1002,14,1342248840,90);
INSERT INTO drink_log VALUES(1003,4,1342248960,90);
INSERT INTO drink_log VALUES(1004,4,1342248960,90);
INSERT INTO drink_log VALUES(1005,34,1342249080,89);
INSERT INTO drink_log VALUES(1006,34,1342249080,89);
INSERT INTO drink_log VALUES(1007,36,1342249200,89);
INSERT INTO drink_log VALUES(1008,15,1342249260,90);
INSERT INTO drink_log VALUES(1009,15,1342249260,90);
INSERT INTO drink_log VALUES(1010,15,1342249320,90);
INSERT INTO drink_log VALUES(1011,14,1342249440,90);
INSERT INTO drink_log VALUES(1012,3,1342249440,90);
INSERT INTO drink_log VALUES(1013,7,1342249560,90);
INSERT INTO drink_log VALUES(1014,7,1342249560,90);
INSERT INTO drink_log VALUES(1015,18,1342249680,89);
INSERT INTO drink_log VALUES(1016,19,1342249740,90);
INSERT INTO drink_log VALUES(1017,36,1342249740,90);
INSERT INTO drink_log VALUES(1018,18,1342249920,89);
INSERT INTO drink_log VALUES(1019,36,1342249980,90);
INSERT INTO drink_log VALUES(1020,36,1342250400,90);
INSERT INTO drink_log VALUES(1021,4,1342251120,90);
INSERT INTO drink_log VALUES(1022,4,1342251180,90);
INSERT INTO drink_log VALUES(1023,14,1342251720,90);
INSERT INTO drink_log VALUES(1024,14,1342251720,90);
INSERT INTO drink_log VALUES(1025,14,1342251780,90);
INSERT INTO drink_log VALUES(1026,36,1342251780,90);
INSERT INTO drink_log VALUES(1027,3,1342251900,90);
INSERT INTO drink_log VALUES(1028,36,1342252740,90);
INSERT INTO drink_log VALUES(1029,3,1342252860,90);
INSERT INTO drink_log VALUES(1030,3,1342253340,90);
INSERT INTO drink_log VALUES(1031,18,1342253460,89);
INSERT INTO drink_log VALUES(1032,18,1342253520,89);
INSERT INTO drink_log VALUES(1033,14,1342253940,90);
INSERT INTO drink_log VALUES(1034,14,1342254000,90);
INSERT INTO drink_log VALUES(1035,14,1342254000,90);
INSERT INTO drink_log VALUES(1036,14,1342254180,90);
INSERT INTO drink_log VALUES(1037,14,1342254240,90);
INSERT INTO drink_log VALUES(1038,14,1342254240,90);
INSERT INTO drink_log VALUES(1039,4,1342254420,90);
INSERT INTO drink_log VALUES(1040,36,1342254420,90);
INSERT INTO drink_log VALUES(1041,4,1342254540,90);
INSERT INTO drink_log VALUES(1042,3,1342254660,90);
INSERT INTO drink_log VALUES(1043,3,1342254660,90);
INSERT INTO drink_log VALUES(1044,36,1342254900,90);
INSERT INTO drink_log VALUES(1045,36,1342254900,90);
INSERT INTO drink_log VALUES(1046,4,1342254960,90);
INSERT INTO drink_log VALUES(1047,4,1342255020,90);
INSERT INTO drink_log VALUES(1048,4,1342255260,90);
INSERT INTO drink_log VALUES(1049,4,1342255260,90);
INSERT INTO drink_log VALUES(1050,4,1342255500,90);
INSERT INTO drink_log VALUES(1051,4,1342255560,90);
INSERT INTO drink_log VALUES(1052,4,1342255860,90);
INSERT INTO drink_log VALUES(1053,4,1342255860,90);
INSERT INTO drink_log VALUES(1054,4,1342255860,90);
INSERT INTO drink_log VALUES(1055,45,1354303440,90);
INSERT INTO drink_log VALUES(1056,38,1354303500,90);
INSERT INTO drink_log VALUES(1057,34,1354303560,89);
INSERT INTO drink_log VALUES(1058,16,1354303620,90);
INSERT INTO drink_log VALUES(1059,34,1354303680,90);
INSERT INTO drink_log VALUES(1060,34,1354303740,89);
INSERT INTO drink_log VALUES(1061,4,1354303800,90);
INSERT INTO drink_log VALUES(1062,1,1354303860,90);
INSERT INTO drink_log VALUES(1063,1,1354303920,90);
INSERT INTO drink_log VALUES(1064,35,1354304040,90);
INSERT INTO drink_log VALUES(1065,1,1354304100,90);
INSERT INTO drink_log VALUES(1066,34,1354304100,89);
INSERT INTO drink_log VALUES(1067,34,1354304160,89);
INSERT INTO drink_log VALUES(1068,16,1354304220,90);
INSERT INTO drink_log VALUES(1069,24,1354304280,90);
INSERT INTO drink_log VALUES(1070,35,1354304400,90);
INSERT INTO drink_log VALUES(1071,24,1354304400,90);
INSERT INTO drink_log VALUES(1072,38,1354304520,90);
INSERT INTO drink_log VALUES(1073,1,1354304760,90);
INSERT INTO drink_log VALUES(1074,16,1354304880,90);
INSERT INTO drink_log VALUES(1075,19,1354305000,90);
INSERT INTO drink_log VALUES(1076,3,1354305120,90);
INSERT INTO drink_log VALUES(1077,4,1354305120,90);
INSERT INTO drink_log VALUES(1078,40,1354305180,90);
INSERT INTO drink_log VALUES(1079,38,1354305300,90);
INSERT INTO drink_log VALUES(1080,38,1354305360,90);
INSERT INTO drink_log VALUES(1081,24,1354305420,90);
INSERT INTO drink_log VALUES(1082,18,1354305540,89);
INSERT INTO drink_log VALUES(1083,36,1354305600,89);
INSERT INTO drink_log VALUES(1084,38,1354305660,90);
INSERT INTO drink_log VALUES(1085,34,1354305660,89);
INSERT INTO drink_log VALUES(1086,4,1354305900,90);
INSERT INTO drink_log VALUES(1087,10,1354305900,90);
INSERT INTO drink_log VALUES(1088,3,1354306020,90);
INSERT INTO drink_log VALUES(1089,16,1354306140,90);
INSERT INTO drink_log VALUES(1090,38,1354306200,90);
INSERT INTO drink_log VALUES(1091,1,1354306200,90);
INSERT INTO drink_log VALUES(1092,45,1354306260,90);
INSERT INTO drink_log VALUES(1093,35,1354306320,90);
INSERT INTO drink_log VALUES(1094,18,1354306500,89);
INSERT INTO drink_log VALUES(1095,37,1354306560,90);
INSERT INTO drink_log VALUES(1096,15,1354306680,90);
INSERT INTO drink_log VALUES(1097,37,1354306920,90);
INSERT INTO drink_log VALUES(1098,36,1354306980,90);
INSERT INTO drink_log VALUES(1099,36,1354306980,90);
INSERT INTO drink_log VALUES(1100,6,1354307040,89);
INSERT INTO drink_log VALUES(1101,38,1354307040,90);
INSERT INTO drink_log VALUES(1102,21,1354307160,90);
INSERT INTO drink_log VALUES(1103,4,1354307220,90);
INSERT INTO drink_log VALUES(1104,51,1354307280,89);
INSERT INTO drink_log VALUES(1105,36,1354307280,90);
INSERT INTO drink_log VALUES(1106,34,1354307340,89);
INSERT INTO drink_log VALUES(1107,1,1354307400,90);
INSERT INTO drink_log VALUES(1108,36,1354307460,90);
INSERT INTO drink_log VALUES(1109,36,1354307520,90);
INSERT INTO drink_log VALUES(1110,36,1354307520,89);
INSERT INTO drink_log VALUES(1111,6,1354307640,90);
INSERT INTO drink_log VALUES(1112,34,1354307700,90);
INSERT INTO drink_log VALUES(1113,16,1354307700,90);
INSERT INTO drink_log VALUES(1114,38,1354307760,90);
INSERT INTO drink_log VALUES(1115,38,1354307820,90);
INSERT INTO drink_log VALUES(1116,38,1354307880,90);
INSERT INTO drink_log VALUES(1117,36,1354307880,90);
INSERT INTO drink_log VALUES(1118,1,1354307940,90);
INSERT INTO drink_log VALUES(1119,1,1354308000,90);
INSERT INTO drink_log VALUES(1120,35,1354308000,90);
INSERT INTO drink_log VALUES(1121,2,1354308180,90);
INSERT INTO drink_log VALUES(1122,38,1354308240,90);
INSERT INTO drink_log VALUES(1123,16,1354308300,90);
INSERT INTO drink_log VALUES(1124,34,1354308360,89);
INSERT INTO drink_log VALUES(1125,21,1354308360,90);
INSERT INTO drink_log VALUES(1126,40,1354308540,90);
INSERT INTO drink_log VALUES(1127,29,1354308600,90);
INSERT INTO drink_log VALUES(1128,29,1354308600,90);
INSERT INTO drink_log VALUES(1129,36,1354308660,90);
INSERT INTO drink_log VALUES(1130,36,1354308720,89);
INSERT INTO drink_log VALUES(1131,40,1354308780,90);
INSERT INTO drink_log VALUES(1132,37,1354308840,90);
INSERT INTO drink_log VALUES(1133,38,1354308840,90);
INSERT INTO drink_log VALUES(1134,15,1354308900,90);
INSERT INTO drink_log VALUES(1135,16,1354308960,90);
INSERT INTO drink_log VALUES(1136,1,1354309020,90);
INSERT INTO drink_log VALUES(1137,45,1354309080,90);
INSERT INTO drink_log VALUES(1138,34,1354309140,90);
INSERT INTO drink_log VALUES(1139,36,1354309200,90);
INSERT INTO drink_log VALUES(1140,34,1354309260,90);
INSERT INTO drink_log VALUES(1141,36,1354309320,89);
INSERT INTO drink_log VALUES(1142,7,1354309380,90);
INSERT INTO drink_log VALUES(1143,38,1354309440,90);
INSERT INTO drink_log VALUES(1144,4,1354309500,90);
INSERT INTO drink_log VALUES(1145,21,1354309740,90);
INSERT INTO drink_log VALUES(1146,38,1354309800,90);
INSERT INTO drink_log VALUES(1147,16,1354309860,90);
INSERT INTO drink_log VALUES(1148,36,1354309980,90);
INSERT INTO drink_log VALUES(1149,21,1354310040,90);
INSERT INTO drink_log VALUES(1150,3,1354310100,90);
INSERT INTO drink_log VALUES(1151,38,1354310160,90);
INSERT INTO drink_log VALUES(1152,1,1354310220,90);
INSERT INTO drink_log VALUES(1153,16,1354310280,90);
INSERT INTO drink_log VALUES(1154,16,1354310340,90);
INSERT INTO drink_log VALUES(1155,16,1354310340,90);
INSERT INTO drink_log VALUES(1156,37,1354310400,90);
INSERT INTO drink_log VALUES(1157,34,1354310400,89);
INSERT INTO drink_log VALUES(1158,37,1354310460,90);
INSERT INTO drink_log VALUES(1159,8,1354310520,90);
INSERT INTO drink_log VALUES(1160,4,1354310640,90);
INSERT INTO drink_log VALUES(1161,8,1354310760,90);
INSERT INTO drink_log VALUES(1162,8,1354310760,90);
INSERT INTO drink_log VALUES(1163,3,1354310820,90);
INSERT INTO drink_log VALUES(1164,3,1354310940,90);
INSERT INTO drink_log VALUES(1165,3,1354310940,90);
INSERT INTO drink_log VALUES(1166,19,1354311000,90);
INSERT INTO drink_log VALUES(1167,35,1354311120,89);
INSERT INTO drink_log VALUES(1168,35,1354311120,89);
INSERT INTO drink_log VALUES(1169,29,1354311180,90);
INSERT INTO drink_log VALUES(1170,29,1354311240,90);
INSERT INTO drink_log VALUES(1171,16,1354311300,90);
INSERT INTO drink_log VALUES(1172,38,1354311360,90);
INSERT INTO drink_log VALUES(1173,6,1354311420,90);
INSERT INTO drink_log VALUES(1174,24,1354311480,90);
INSERT INTO drink_log VALUES(1175,40,1354311540,90);
INSERT INTO drink_log VALUES(1176,40,1354311540,90);
INSERT INTO drink_log VALUES(1177,37,1354311540,90);
INSERT INTO drink_log VALUES(1178,37,1354311600,90);
INSERT INTO drink_log VALUES(1179,37,1354311600,90);
INSERT INTO drink_log VALUES(1180,38,1354311660,90);
INSERT INTO drink_log VALUES(1181,4,1354311720,89);
INSERT INTO drink_log VALUES(1182,51,1354311720,89);
INSERT INTO drink_log VALUES(1183,4,1354311840,90);
INSERT INTO drink_log VALUES(1184,37,1354311840,90);
INSERT INTO drink_log VALUES(1185,34,1354311900,90);
INSERT INTO drink_log VALUES(1186,37,1354311960,90);
INSERT INTO drink_log VALUES(1187,38,1354311960,90);
INSERT INTO drink_log VALUES(1188,16,1354312020,90);
INSERT INTO drink_log VALUES(1189,16,1354312020,90);
INSERT INTO drink_log VALUES(1190,16,1354312080,90);
INSERT INTO drink_log VALUES(1191,16,1354312080,90);
INSERT INTO drink_log VALUES(1192,14,1354312140,90);
INSERT INTO drink_log VALUES(1193,37,1354312200,90);
INSERT INTO drink_log VALUES(1194,3,1354312260,90);
INSERT INTO drink_log VALUES(1195,29,1354312260,90);
INSERT INTO drink_log VALUES(1196,21,1354312440,90);
INSERT INTO drink_log VALUES(1197,29,1354312500,90);
INSERT INTO drink_log VALUES(1198,22,1354312560,90);
INSERT INTO drink_log VALUES(1199,3,1354312620,90);
INSERT INTO drink_log VALUES(1200,7,1354312620,90);
INSERT INTO drink_log VALUES(1201,18,1354312680,89);
INSERT INTO drink_log VALUES(1202,22,1354312740,90);
INSERT INTO drink_log VALUES(1203,38,1354312860,90);
INSERT INTO drink_log VALUES(1204,18,1354312920,89);
INSERT INTO drink_log VALUES(1205,29,1354312980,90);
INSERT INTO drink_log VALUES(1206,29,1354313040,90);
INSERT INTO drink_log VALUES(1207,29,1354313100,90);
INSERT INTO drink_log VALUES(1208,22,1354313160,90);
INSERT INTO drink_log VALUES(1209,22,1354313220,90);
INSERT INTO drink_log VALUES(1210,10,1354313220,90);
INSERT INTO drink_log VALUES(1211,10,1354313280,90);
INSERT INTO drink_log VALUES(1212,22,1354313400,90);
INSERT INTO drink_log VALUES(1213,45,1354313640,90);
INSERT INTO drink_log VALUES(1214,1,1354313700,90);
INSERT INTO drink_log VALUES(1215,7,1354313760,90);
INSERT INTO drink_log VALUES(1216,7,1354313760,90);
INSERT INTO drink_log VALUES(1217,38,1354313820,90);
INSERT INTO drink_log VALUES(1218,29,1354314120,90);
INSERT INTO drink_log VALUES(1219,3,1354314180,90);
INSERT INTO drink_log VALUES(1220,7,1354314240,90);
INSERT INTO drink_log VALUES(1221,38,1354314300,90);
INSERT INTO drink_log VALUES(1222,20,1354314360,90);
INSERT INTO drink_log VALUES(1223,1,1354314420,90);
INSERT INTO drink_log VALUES(1224,3,1354314540,90);
INSERT INTO drink_log VALUES(1225,3,1354314540,90);
INSERT INTO drink_log VALUES(1226,16,1354314660,90);
INSERT INTO drink_log VALUES(1227,45,1354314720,90);
INSERT INTO drink_log VALUES(1228,29,1354314840,90);
INSERT INTO drink_log VALUES(1229,16,1354314840,90);
INSERT INTO drink_log VALUES(1230,29,1354314900,90);
INSERT INTO drink_log VALUES(1231,7,1354314960,90);
INSERT INTO drink_log VALUES(1232,38,1354315080,90);
INSERT INTO drink_log VALUES(1233,29,1354315140,90);
INSERT INTO drink_log VALUES(1234,45,1354315200,90);
INSERT INTO drink_log VALUES(1235,13,1354315320,89);
INSERT INTO drink_log VALUES(1236,6,1354315380,90);
INSERT INTO drink_log VALUES(1237,6,1354315440,90);
INSERT INTO drink_log VALUES(1238,45,1354315440,90);
INSERT INTO drink_log VALUES(1239,45,1354315800,89);
INSERT INTO drink_log VALUES(1240,27,1354315860,90);
INSERT INTO drink_log VALUES(1241,29,1354315860,90);
INSERT INTO drink_log VALUES(1242,21,1354315920,90);
INSERT INTO drink_log VALUES(1243,21,1354315980,90);
INSERT INTO drink_log VALUES(1244,21,1354315980,90);
INSERT INTO drink_log VALUES(1245,21,1354315980,90);
INSERT INTO drink_log VALUES(1246,38,1354316100,90);
INSERT INTO drink_log VALUES(1247,38,1354316100,90);
INSERT INTO drink_log VALUES(1248,38,1354316160,90);
INSERT INTO drink_log VALUES(1249,15,1354316220,90);
INSERT INTO drink_log VALUES(1250,21,1354316280,90);
INSERT INTO drink_log VALUES(1251,16,1354316340,90);
INSERT INTO drink_log VALUES(1252,13,1354316400,89);
INSERT INTO drink_log VALUES(1253,38,1354316520,90);
INSERT INTO drink_log VALUES(1254,38,1354316520,90);
INSERT INTO drink_log VALUES(1255,16,1354316580,90);
INSERT INTO drink_log VALUES(1256,16,1354316580,90);
INSERT INTO drink_log VALUES(1257,16,1354316580,90);
INSERT INTO drink_log VALUES(1258,38,1354316640,90);
INSERT INTO drink_log VALUES(1259,13,1354316640,89);
INSERT INTO drink_log VALUES(1260,29,1354316700,90);
INSERT INTO drink_log VALUES(1261,45,1354316760,90);
INSERT INTO drink_log VALUES(1262,10,1354316880,90);
INSERT INTO drink_log VALUES(1263,38,1354317000,90);
INSERT INTO drink_log VALUES(1264,29,1354317000,90);
INSERT INTO drink_log VALUES(1265,6,1354317180,90);
INSERT INTO drink_log VALUES(1266,29,1354317300,90);
INSERT INTO drink_log VALUES(1267,7,1354317300,90);
INSERT INTO drink_log VALUES(1268,7,1354317600,90);
INSERT INTO drink_log VALUES(1269,45,1354317840,90);
INSERT INTO drink_log VALUES(1270,45,1354317900,90);
INSERT INTO drink_log VALUES(1271,45,1354317960,90);
INSERT INTO drink_log VALUES(1272,6,1354318020,90);
INSERT INTO drink_log VALUES(1273,29,1354318260,90);
INSERT INTO drink_log VALUES(1274,29,1354318260,90);
INSERT INTO drink_log VALUES(1275,38,1354318320,90);
INSERT INTO drink_log VALUES(1276,29,1354318500,90);
INSERT INTO drink_log VALUES(1277,16,1354318560,90);
INSERT INTO drink_log VALUES(1278,38,1354318620,90);
INSERT INTO drink_log VALUES(1279,15,1354318800,90);
INSERT INTO drink_log VALUES(1280,13,1354318980,89);
INSERT INTO drink_log VALUES(1281,29,1354320420,90);
INSERT INTO drink_log VALUES(1282,38,1354320420,90);
INSERT INTO drink_log VALUES(1283,38,1354320720,90);
INSERT INTO drink_log VALUES(1284,38,1354320720,90);
INSERT INTO drink_log VALUES(1285,13,1354322040,89);
INSERT INTO drink_log VALUES(1286,16,1359168180,119);
INSERT INTO drink_log VALUES(1287,29,1359168420,120);
INSERT INTO drink_log VALUES(1288,40,1359168480,120);
INSERT INTO drink_log VALUES(1289,24,1359168660,120);
INSERT INTO drink_log VALUES(1290,40,1359168720,120);
INSERT INTO drink_log VALUES(1291,24,1359168720,120);
INSERT INTO drink_log VALUES(1292,16,1359169380,90);
INSERT INTO drink_log VALUES(1293,40,1359169440,120);
INSERT INTO drink_log VALUES(1294,6,1359169500,120);
INSERT INTO drink_log VALUES(1295,29,1359169620,120);
INSERT INTO drink_log VALUES(1296,16,1359170220,119);
INSERT INTO drink_log VALUES(1297,19,1359170280,120);
INSERT INTO drink_log VALUES(1298,15,1359170340,120);
INSERT INTO drink_log VALUES(1299,12,1359170340,120);
INSERT INTO drink_log VALUES(1300,1,1359170400,120);
INSERT INTO drink_log VALUES(1301,1,1359170400,120);
INSERT INTO drink_log VALUES(1302,16,1359170460,119);
INSERT INTO drink_log VALUES(1303,16,1359170460,60);
INSERT INTO drink_log VALUES(1304,12,1359170520,60);
INSERT INTO drink_log VALUES(1305,12,1359170520,150);
INSERT INTO drink_log VALUES(1306,1,1359170580,30);
INSERT INTO drink_log VALUES(1307,12,1359170580,30);
INSERT INTO drink_log VALUES(1308,2,1359170640,119);
INSERT INTO drink_log VALUES(1309,15,1359170640,120);
INSERT INTO drink_log VALUES(1310,2,1359170700,60);
INSERT INTO drink_log VALUES(1311,16,1359170760,120);
INSERT INTO drink_log VALUES(1312,21,1359170880,150);
INSERT INTO drink_log VALUES(1313,2,1359170940,150);
INSERT INTO drink_log VALUES(1314,16,1359171000,149);
INSERT INTO drink_log VALUES(1315,21,1359171000,150);
INSERT INTO drink_log VALUES(1316,16,1359171060,90);
INSERT INTO drink_log VALUES(1317,12,1359171120,120);
INSERT INTO drink_log VALUES(1318,16,1359171120,119);
INSERT INTO drink_log VALUES(1319,16,1359171180,119);
INSERT INTO drink_log VALUES(1320,29,1359171300,120);
INSERT INTO drink_log VALUES(1321,2,1359171360,180);
INSERT INTO drink_log VALUES(1322,2,1359171360,150);
INSERT INTO drink_log VALUES(1323,19,1359171420,120);
INSERT INTO drink_log VALUES(1324,19,1359171480,120);
INSERT INTO drink_log VALUES(1325,16,1359171540,119);
INSERT INTO drink_log VALUES(1326,16,1359171600,119);
INSERT INTO drink_log VALUES(1327,1,1359171780,120);
INSERT INTO drink_log VALUES(1328,12,1359171840,150);
INSERT INTO drink_log VALUES(1329,12,1359171840,150);
INSERT INTO drink_log VALUES(1330,40,1359172440,120);
INSERT INTO drink_log VALUES(1331,16,1359172440,120);
INSERT INTO drink_log VALUES(1332,40,1359172500,149);
INSERT INTO drink_log VALUES(1333,40,1359173280,150);
INSERT INTO drink_log VALUES(1334,40,1359173400,120);
INSERT INTO drink_log VALUES(1335,19,1359173400,120);
INSERT INTO drink_log VALUES(1336,29,1359173460,30);
INSERT INTO drink_log VALUES(1337,1,1359173760,120);
INSERT INTO drink_log VALUES(1338,16,1359173940,119);
INSERT INTO drink_log VALUES(1339,1,1359174000,120);
INSERT INTO drink_log VALUES(1340,16,1359174000,119);
INSERT INTO drink_log VALUES(1341,16,1359174060,119);
INSERT INTO drink_log VALUES(1342,12,1359174120,120);
INSERT INTO drink_log VALUES(1343,12,1359174120,90);
INSERT INTO drink_log VALUES(1344,29,1359174240,150);
INSERT INTO drink_log VALUES(1345,29,1359174300,150);
INSERT INTO drink_log VALUES(1346,19,1359174300,150);
INSERT INTO drink_log VALUES(1347,16,1359174360,119);
INSERT INTO drink_log VALUES(1348,29,1359174420,120);
INSERT INTO drink_log VALUES(1349,16,1359174420,149);
INSERT INTO drink_log VALUES(1350,16,1359174480,119);
INSERT INTO drink_log VALUES(1351,40,1359174540,120);
INSERT INTO drink_log VALUES(1352,21,1359174720,120);
INSERT INTO drink_log VALUES(1353,21,1359174900,120);
INSERT INTO drink_log VALUES(1354,16,1359175080,119);
INSERT INTO drink_log VALUES(1355,21,1359175080,120);
INSERT INTO drink_log VALUES(1356,16,1359175140,119);
INSERT INTO drink_log VALUES(1357,1,1359175260,90);
INSERT INTO drink_log VALUES(1358,12,1359175500,120);
INSERT INTO drink_log VALUES(1359,14,1359175680,120);
INSERT INTO drink_log VALUES(1360,16,1359175860,119);
INSERT INTO drink_log VALUES(1361,1,1359176040,120);
INSERT INTO drink_log VALUES(1362,1,1359176520,120);
INSERT INTO drink_log VALUES(1363,1,1359176580,120);
INSERT INTO drink_log VALUES(1364,16,1359176580,119);
INSERT INTO drink_log VALUES(1365,29,1359177000,150);
INSERT INTO drink_log VALUES(1366,21,1359177060,150);
INSERT INTO drink_log VALUES(1367,1,1359177180,120);
INSERT INTO drink_log VALUES(1368,1,1359177180,120);
INSERT INTO drink_log VALUES(1369,16,1359177240,119);
INSERT INTO drink_log VALUES(1370,40,1359177660,150);
INSERT INTO drink_log VALUES(1371,2,1359177720,90);
INSERT INTO drink_log VALUES(1372,12,1359177720,120);
INSERT INTO drink_log VALUES(1373,16,1359177780,119);
INSERT INTO drink_log VALUES(1374,29,1359177900,120);
INSERT INTO drink_log VALUES(1375,16,1359177900,120);
INSERT INTO drink_log VALUES(1376,16,1359177960,149);
INSERT INTO drink_log VALUES(1377,1,1359178020,150);
INSERT INTO drink_log VALUES(1378,29,1359179040,90);
INSERT INTO drink_log VALUES(1379,14,1359179100,90);
INSERT INTO drink_log VALUES(1380,2,1359179160,150);
INSERT INTO drink_log VALUES(1381,40,1359179400,150);
INSERT INTO drink_log VALUES(1382,40,1359179820,90);
INSERT INTO drink_log VALUES(1383,24,1359179940,120);
INSERT INTO drink_log VALUES(1384,16,1359180300,119);
INSERT INTO drink_log VALUES(1385,14,1359180780,120);
INSERT INTO drink_log VALUES(1386,16,1359180840,30);
INSERT INTO drink_log VALUES(1387,16,1359180840,179);
INSERT INTO drink_log VALUES(1388,12,1359180960,120);
INSERT INTO drink_log VALUES(1389,24,1359181020,120);
INSERT INTO drink_log VALUES(1390,1,1359181020,90);
INSERT INTO drink_log VALUES(1391,21,1359181080,120);
INSERT INTO drink_log VALUES(1392,14,1359181200,180);
INSERT INTO drink_log VALUES(1393,1,1359181320,150);
INSERT INTO drink_log VALUES(1394,29,1359182400,120);
INSERT INTO drink_log VALUES(1395,12,1359182520,30);
INSERT INTO drink_log VALUES(1396,12,1359182640,30);
INSERT INTO drink_log VALUES(1397,29,1359182760,90);
INSERT INTO drink_log VALUES(1398,29,1359182820,120);
INSERT INTO drink_log VALUES(1399,2,1359182880,150);
INSERT INTO drink_log VALUES(1400,29,1359182940,120);
INSERT INTO drink_log VALUES(1401,1,1359183000,120);
INSERT INTO drink_log VALUES(1402,29,1359184080,120);
INSERT INTO drink_log VALUES(1403,16,1359184380,150);
INSERT INTO drink_log VALUES(1404,1,1359184440,120);
INSERT INTO drink_log VALUES(1405,16,1359184500,119);
INSERT INTO drink_log VALUES(1406,16,1359184500,119);
INSERT INTO drink_log VALUES(1407,12,1359184560,120);
INSERT INTO drink_log VALUES(1408,24,1359184620,120);
INSERT INTO drink_log VALUES(1409,29,1359185520,240);
INSERT INTO drink_log VALUES(1410,29,1359185520,120);
INSERT INTO drink_log VALUES(1411,40,1359186000,119);
INSERT INTO drink_log VALUES(1412,16,1359186360,150);
INSERT INTO drink_log VALUES(1413,29,1359186420,120);
INSERT INTO drink_log VALUES(1414,1,1359187200,180);
INSERT INTO drink_log VALUES(1415,29,1359187560,30);
INSERT INTO drink_log VALUES(1416,1,1359187620,120);
INSERT INTO drink_log VALUES(1417,21,1359188880,150);
INSERT INTO drink_log VALUES(1418,29,1359189300,240);
INSERT INTO drink_log VALUES(1419,40,1359189480,120);
INSERT INTO drink_log VALUES(1420,29,1359189480,120);
INSERT INTO drink_log VALUES(1421,40,1359189540,120);
INSERT INTO drink_log VALUES(1422,29,1359189600,120);
INSERT INTO drink_log VALUES(1423,1,1359190080,120);
INSERT INTO drink_log VALUES(1424,29,1359190980,120);
INSERT INTO drink_log VALUES(1425,22,1359193020,150);
INSERT INTO drink_log VALUES(1426,29,1359193740,150);
INSERT INTO drink_log VALUES(1427,21,1359193800,150);
INSERT INTO drink_log VALUES(1428,29,1359194160,120);
INSERT INTO drink_log VALUES(1429,21,1359194340,120);
INSERT INTO drink_log VALUES(1430,40,1359195120,90);
INSERT INTO drink_log VALUES(1431,21,1359195240,120);
INSERT INTO drink_log VALUES(1432,22,1359199080,120);
INSERT INTO drink_log VALUES(1433,24,1359200100,90);
INSERT INTO drink_log VALUES(1434,16,1359168190,120);
INSERT INTO drink_log VALUES(1435,54,1359895740,30);
INSERT INTO drink_log VALUES(1436,54,1359895800,30);
INSERT INTO drink_log VALUES(1437,54,1359895860,30);
INSERT INTO drink_log VALUES(1438,52,1359895920,30);
INSERT INTO drink_log VALUES(1439,54,1359895980,30);
INSERT INTO drink_log VALUES(1440,53,1359895980,30);
INSERT INTO drink_log VALUES(1441,53,1359896040,30);
INSERT INTO drink_log VALUES(1442,36,1359896400,120);
INSERT INTO drink_log VALUES(1443,37,1359896460,120);
INSERT INTO drink_log VALUES(1444,36,1359896460,120);
INSERT INTO drink_log VALUES(1445,36,1359896520,120);
INSERT INTO drink_log VALUES(1446,36,1359896640,120);
INSERT INTO drink_log VALUES(1447,37,1359896700,120);
INSERT INTO drink_log VALUES(1448,29,1359896760,150);
INSERT INTO drink_log VALUES(1449,38,1359896760,120);
INSERT INTO drink_log VALUES(1450,34,1359896820,120);
INSERT INTO drink_log VALUES(1451,34,1359896880,150);
INSERT INTO drink_log VALUES(1452,34,1359896940,150);
INSERT INTO drink_log VALUES(1453,29,1359897000,150);
INSERT INTO drink_log VALUES(1454,37,1359897000,180);
INSERT INTO drink_log VALUES(1455,38,1359897060,120);
INSERT INTO drink_log VALUES(1456,38,1359897060,120);
INSERT INTO drink_log VALUES(1457,37,1359897060,150);
INSERT INTO drink_log VALUES(1458,37,1359897120,150);
INSERT INTO drink_log VALUES(1459,52,1359897120,180);
INSERT INTO drink_log VALUES(1460,38,1359897120,90);
INSERT INTO drink_log VALUES(1461,37,1359897180,120);
INSERT INTO drink_log VALUES(1462,34,1359897300,150);
INSERT INTO drink_log VALUES(1463,29,1359897420,150);
INSERT INTO drink_log VALUES(1464,38,1359897660,120);
INSERT INTO drink_log VALUES(1465,54,1359897720,240);
INSERT INTO drink_log VALUES(1466,38,1359897780,120);
INSERT INTO drink_log VALUES(1467,54,1359897780,120);
INSERT INTO drink_log VALUES(1468,36,1359897840,210);
INSERT INTO drink_log VALUES(1469,34,1359898020,119);
INSERT INTO drink_log VALUES(1470,37,1359898260,120);
INSERT INTO drink_log VALUES(1471,34,1359898260,120);
INSERT INTO drink_log VALUES(1472,38,1359898740,120);
INSERT INTO drink_log VALUES(1473,38,1359898800,120);
INSERT INTO drink_log VALUES(1474,38,1359898920,150);
INSERT INTO drink_log VALUES(1475,38,1359898920,120);
INSERT INTO drink_log VALUES(1476,36,1359898980,120);
INSERT INTO drink_log VALUES(1477,38,1359899100,150);
INSERT INTO drink_log VALUES(1478,38,1359899160,180);
INSERT INTO drink_log VALUES(1479,54,1359899400,120);
INSERT INTO drink_log VALUES(1480,36,1359899400,180);
INSERT INTO drink_log VALUES(1481,38,1359899880,120);
INSERT INTO drink_log VALUES(1482,38,1359900240,180);
INSERT INTO drink_log VALUES(1483,54,1359900480,150);
INSERT INTO drink_log VALUES(1484,54,1359900480,150);
INSERT INTO drink_log VALUES(1485,34,1359900660,120);
INSERT INTO drink_log VALUES(1486,36,1359901140,210);
INSERT INTO drink_log VALUES(1487,54,1359901320,149);
INSERT INTO drink_log VALUES(1488,37,1359901620,180);
INSERT INTO drink_log VALUES(1489,38,1359901680,180);
INSERT INTO drink_log VALUES(1490,45,1359901740,119);
INSERT INTO drink_log VALUES(1491,37,1359901980,240);
INSERT INTO drink_log VALUES(1492,38,1359902040,150);
INSERT INTO drink_log VALUES(1493,38,1359902100,180);
INSERT INTO drink_log VALUES(1494,54,1359902220,119);
INSERT INTO drink_log VALUES(1495,36,1359902280,120);
INSERT INTO drink_log VALUES(1496,37,1359902880,120);
INSERT INTO drink_log VALUES(1497,38,1359902940,120);
INSERT INTO drink_log VALUES(1498,36,1359903180,150);
INSERT INTO drink_log VALUES(1499,36,1359903180,150);
INSERT INTO drink_log VALUES(1500,38,1359903240,150);
INSERT INTO drink_log VALUES(1501,36,1359903240,180);
INSERT INTO drink_log VALUES(1502,29,1359903300,120);
INSERT INTO drink_log VALUES(1503,29,1359903300,120);
INSERT INTO drink_log VALUES(1504,29,1359903360,210);
INSERT INTO drink_log VALUES(1505,54,1359903480,120);
INSERT INTO drink_log VALUES(1506,36,1359903480,120);
INSERT INTO drink_log VALUES(1507,36,1359903540,120);
INSERT INTO drink_log VALUES(1508,36,1359903600,180);
INSERT INTO drink_log VALUES(1509,38,1359903960,120);
INSERT INTO drink_log VALUES(1510,34,1359903960,120);
INSERT INTO drink_log VALUES(1511,29,1359904020,120);
INSERT INTO drink_log VALUES(1512,34,1359904020,150);
INSERT INTO drink_log VALUES(1513,36,1359904140,120);
INSERT INTO drink_log VALUES(1514,29,1359904320,180);
INSERT INTO drink_log VALUES(1515,38,1359904380,150);
INSERT INTO drink_log VALUES(1516,38,1359904380,149);
INSERT INTO drink_log VALUES(1517,36,1359904500,120);
INSERT INTO drink_log VALUES(1518,34,1359904560,120);
INSERT INTO drink_log VALUES(1519,36,1359904620,120);
INSERT INTO drink_log VALUES(1520,36,1359904680,150);
INSERT INTO drink_log VALUES(1521,36,1359904740,120);
INSERT INTO drink_log VALUES(1522,37,1359904740,150);
INSERT INTO drink_log VALUES(1523,36,1359904740,150);
INSERT INTO drink_log VALUES(1524,36,1359904800,150);
INSERT INTO drink_log VALUES(1525,36,1359904800,179);
INSERT INTO drink_log VALUES(1526,36,1359904860,120);
INSERT INTO drink_log VALUES(1527,34,1359905160,120);
INSERT INTO drink_log VALUES(1528,54,1359905400,210);
INSERT INTO drink_log VALUES(1529,29,1359905580,120);
INSERT INTO drink_log VALUES(1530,40,1359905820,150);
INSERT INTO drink_log VALUES(1531,37,1359905880,120);
INSERT INTO drink_log VALUES(1532,37,1359905940,120);
INSERT INTO drink_log VALUES(1533,29,1359906000,150);
INSERT INTO drink_log VALUES(1534,37,1359906060,240);
INSERT INTO drink_log VALUES(1535,37,1359906240,180);
INSERT INTO drink_log VALUES(1536,40,1359906240,180);
INSERT INTO drink_log VALUES(1537,29,1359906420,120);
INSERT INTO drink_log VALUES(1538,37,1359906600,180);
INSERT INTO drink_log VALUES(1539,29,1359906660,120);
INSERT INTO drink_log VALUES(1540,37,1359906720,150);
INSERT INTO drink_log VALUES(1541,37,1359906720,150);
INSERT INTO drink_log VALUES(1542,37,1359906780,150);
INSERT INTO drink_log VALUES(1543,37,1359906960,150);
INSERT INTO drink_log VALUES(1544,37,1359907800,150);
INSERT INTO drink_log VALUES(1545,37,1359907800,150);
INSERT INTO drink_log VALUES(1546,34,1359907860,240);
INSERT INTO drink_log VALUES(1547,37,1359907860,120);
INSERT INTO drink_log VALUES(1548,29,1359907920,210);
INSERT INTO drink_log VALUES(1549,29,1359907980,180);
INSERT INTO drink_log VALUES(1550,37,1359908040,150);
INSERT INTO drink_log VALUES(1551,29,1359908100,120);
INSERT INTO drink_log VALUES(1552,29,1359908400,180);
INSERT INTO drink_log VALUES(1553,29,1359908640,120);
INSERT INTO drink_log VALUES(1554,29,1359908640,120);
INSERT INTO drink_log VALUES(1555,69,1361673948,30.03);
INSERT INTO drink_log VALUES(1556,69,1361674034,30.03);
INSERT INTO drink_log VALUES(1557,69,1361674122,30.0);
INSERT INTO drink_log VALUES(1558,68,1361674186,30);
INSERT INTO drink_log VALUES(1559,68,1361674522,30);
INSERT INTO drink_log VALUES(1560,68,1361674673,30);
INSERT INTO drink_log VALUES(1561,68,1361674761,30);
INSERT INTO drink_log VALUES(1562,68,1361674802,30);
INSERT INTO drink_log VALUES(1563,69,1361674889,30.03);
INSERT INTO drink_log VALUES(1564,73,1361674946,30);
INSERT INTO drink_log VALUES(1565,73,1361675005,30);
INSERT INTO drink_log VALUES(1566,74,1361675058,30.03);
INSERT INTO drink_log VALUES(1567,67,1361675103,30);
INSERT INTO drink_log VALUES(1568,67,1361675209,29.97);
INSERT INTO drink_log VALUES(1569,71,1361675286,30);
INSERT INTO drink_log VALUES(1570,71,1361675338,30);
INSERT INTO drink_log VALUES(1571,70,1361675406,30);
INSERT INTO drink_log VALUES(1572,70,1361675549,30);
INSERT INTO drink_log VALUES(1573,68,1361677061,120);
INSERT INTO drink_log VALUES(1574,44,1361680536,30);
INSERT INTO drink_log VALUES(1575,72,1361680585,30);
INSERT INTO drink_log VALUES(1576,5,1361683120,29.97);
INSERT INTO drink_log VALUES(1577,23,1361683221,30);
INSERT INTO drink_log VALUES(1578,23,1361683281,30);
INSERT INTO drink_log VALUES(1579,23,1361683330,30.0);
INSERT INTO drink_log VALUES(1580,55,1361683611,29.97);
INSERT INTO drink_log VALUES(1581,55,1361683710,29.97);
INSERT INTO drink_log VALUES(1582,55,1361683752,29.97);
INSERT INTO drink_log VALUES(1583,55,1361683813,30.03);
INSERT INTO drink_log VALUES(1584,56,1361683859,30);
INSERT INTO drink_log VALUES(1585,56,1361683897,30);
INSERT INTO drink_log VALUES(1586,56,1361683935,30);
INSERT INTO drink_log VALUES(1587,56,1361684047,29.97);
INSERT INTO drink_log VALUES(1588,63,1361684146,29.97);
INSERT INTO drink_log VALUES(1589,57,1361684261,30.03);
INSERT INTO drink_log VALUES(1590,58,1361684349,30);
INSERT INTO drink_log VALUES(1591,59,1361684429,30);
INSERT INTO drink_log VALUES(1592,59,1361684448,30);
INSERT INTO drink_log VALUES(1593,65,1361684609,30);
INSERT INTO drink_log VALUES(1594,64,1361684691,30);
INSERT INTO drink_log VALUES(1595,66,1361684854,30);
INSERT INTO drink_log VALUES(1596,66,1361684884,30);
INSERT INTO drink_log VALUES(1597,62,1361684971,30);
INSERT INTO drink_log VALUES(1598,62,1361685064,30);
INSERT INTO drink_log VALUES(1599,62,1361685130,30);
INSERT INTO drink_log VALUES(1600,62,1361685174,30.0);
INSERT INTO drink_log VALUES(1601,61,1361685225,30.03);
INSERT INTO drink_log VALUES(1602,26,1361685516,30);
INSERT INTO drink_log VALUES(1603,26,1361685598,30);
INSERT INTO drink_log VALUES(1604,60,1361685736,30);
INSERT INTO drink_log VALUES(1605,40,1361685956,30);
INSERT INTO drink_log VALUES(1606,40,1361685983,30.03);
INSERT INTO drink_log VALUES(1607,66,1361686149,90);
INSERT INTO drink_log VALUES(1608,66,1361686201,60);
INSERT INTO drink_log VALUES(1609,55,1361686301,30.03);
INSERT INTO drink_log VALUES(1610,66,1361686359,120);
INSERT INTO drink_log VALUES(1611,5,1361686432,29.97);
INSERT INTO drink_log VALUES(1612,38,1373242500,150);
CREATE TABLE drink_name (
	id INTEGER NOT NULL, 
	name TEXT NOT NULL, 
	sortname TEXT NOT NULL, 
	is_common INTEGER, 
	PRIMARY KEY (id)
);
INSERT INTO drink_name VALUES(1,'Sour Apple Martini','',0);
INSERT INTO drink_name VALUES(2,'Black Unicorn','',0);
INSERT INTO drink_name VALUES(3,'Beach Bum','',0);
INSERT INTO drink_name VALUES(4,'SND Margarita','',0);
INSERT INTO drink_name VALUES(5,'Toasted Almond','',0);
INSERT INTO drink_name VALUES(6,'Screaming Orgasm','',0);
INSERT INTO drink_name VALUES(7,'Firecracker','',0);
INSERT INTO drink_name VALUES(8,'Oatmeal Cookie','',0);
INSERT INTO drink_name VALUES(9,'Schmutz ','',0);
INSERT INTO drink_name VALUES(10,'Iguana','',0);
INSERT INTO drink_name VALUES(11,'Cum scorcher','',0);
INSERT INTO drink_name VALUES(12,'Buttery Nipple','',0);
INSERT INTO drink_name VALUES(13,'Carrot Cake','',0);
INSERT INTO drink_name VALUES(14,'Girl Scout Cookie','',0);
INSERT INTO drink_name VALUES(15,'Pure Ecstasy','',0);
INSERT INTO drink_name VALUES(16,'Mudslide','',0);
INSERT INTO drink_name VALUES(17,'Port in a Storm','',0);
INSERT INTO drink_name VALUES(18,'Golden Apple','',0);
INSERT INTO drink_name VALUES(19,'Baby Guinness','',0);
INSERT INTO drink_name VALUES(20,'Big Red','',0);
INSERT INTO drink_name VALUES(21,'Black Russian','',0);
INSERT INTO drink_name VALUES(22,'Butterballs','',0);
INSERT INTO drink_name VALUES(23,'Adam & Eve','',0);
INSERT INTO drink_name VALUES(24,'Caramel Apple','',0);
INSERT INTO drink_name VALUES(25,'Werther''s Original','',0);
INSERT INTO drink_name VALUES(26,'Gummy Bears','',0);
INSERT INTO drink_name VALUES(27,'Hot Scott','',0);
INSERT INTO drink_name VALUES(28,'Open Source Raspberry Margarita','',0);
INSERT INTO drink_name VALUES(29,'Cape Cod ','',0);
INSERT INTO drink_name VALUES(30,'Dirty Martini','',0);
INSERT INTO drink_name VALUES(31,'F#@& Me Shoes','',0);
INSERT INTO drink_name VALUES(32,'Whiskey Sour','',0);
INSERT INTO drink_name VALUES(33,'Greyhound','',0);
INSERT INTO drink_name VALUES(34,'Cosmopolitan','',0);
INSERT INTO drink_name VALUES(35,'Apple Jolly Rancher','',0);
INSERT INTO drink_name VALUES(36,'Real Whiskey Sour','',0);
INSERT INTO drink_name VALUES(37,'Kamikaze','',0);
INSERT INTO drink_name VALUES(38,'Lemon Drop','',0);
INSERT INTO drink_name VALUES(39,'DoomFrog''s Delight','',0);
INSERT INTO drink_name VALUES(40,'Vodka Gimlet','',0);
INSERT INTO drink_name VALUES(41,'Gin Gimlet','',0);
INSERT INTO drink_name VALUES(42,'Fuzzy Navel','',0);
INSERT INTO drink_name VALUES(43,'Count Drac''s Cosmoplitan','',0);
INSERT INTO drink_name VALUES(44,'Tequila Sunrise','',0);
INSERT INTO drink_name VALUES(45,'Vodka Lemon','',0);
INSERT INTO drink_name VALUES(46,'Top Shelf Margarita','',0);
INSERT INTO drink_name VALUES(47,'Authentic Margarita','',0);
INSERT INTO drink_name VALUES(48,'Dirty Sanchez','',0);
INSERT INTO drink_name VALUES(49,'Pomegranate Margarita','',0);
INSERT INTO drink_name VALUES(50,'White Oxacan','',0);
INSERT INTO drink_name VALUES(51,'Red Rover','',0);
INSERT INTO drink_name VALUES(52,'Low Carb Vodka Lemon','',0);
INSERT INTO drink_name VALUES(53,'Snakebite','',0);
INSERT INTO drink_name VALUES(54,'Whiskey Lemonade','',0);
INSERT INTO drink_name VALUES(55,'Washington Apple','',0);
INSERT INTO drink_name VALUES(56,'Amaretto Sour','',0);
INSERT INTO drink_name VALUES(57,'B-28','',0);
INSERT INTO drink_name VALUES(58,'Baileys & Amaretto','',0);
INSERT INTO drink_name VALUES(59,'Broken Down Golf Cart','',0);
INSERT INTO drink_name VALUES(60,'Blenheim','',0);
INSERT INTO drink_name VALUES(61,'Port Cocktail ','',0);
INSERT INTO drink_name VALUES(62,'Emerald Martini','',0);
INSERT INTO drink_name VALUES(63,'2nd Period','',0);
INSERT INTO drink_name VALUES(64,'Butter Kahlua Bliss','',0);
INSERT INTO drink_name VALUES(65,'Brown Cow','',0);
INSERT INTO drink_name VALUES(66,'Buttermilk','',0);
INSERT INTO drink_name VALUES(67,'Pain Killer','',0);
INSERT INTO drink_name VALUES(68,'Piña Colada ','',0);
INSERT INTO drink_name VALUES(69,'Bahama Mama','',0);
INSERT INTO drink_name VALUES(70,'Saoco','',0);
INSERT INTO drink_name VALUES(71,'Rum Screwdriver','',0);
INSERT INTO drink_name VALUES(72,'Tequlia Screwdriver','',0);
INSERT INTO drink_name VALUES(73,'Calypso Baby ','',0);
INSERT INTO drink_name VALUES(74,'Florida Sunshine ','',0);
INSERT INTO drink_name VALUES(75,'Martini The Monster','',0);
INSERT INTO drink_name VALUES(76,'Hairy Navel','',0);
INSERT INTO drink_name VALUES(77,'Mr. Mistofoles','',0);
INSERT INTO drink_name VALUES(78,'Penelope’s Pitstop ','',0);
INSERT INTO drink_name VALUES(79,'White Russian','',0);
INSERT INTO drink_name VALUES(80,'BaconUp','',0);
CREATE TABLE version (
   schema INTEGER
);
INSERT INTO version VALUES(2);
CREATE TABLE users (
	id INTEGER PRIMARY KEY, 
	username TEXT NOT NULL, 
	password TEXT NOT NULL, 
	credit INTEGER, 
	administrator INTEGER DEFAULT 0, 
	superadministrator INTEGER DEFAULT 0
);
INSERT INTO users VALUES(1,'tomass','abc',6,1,1);
INSERT INTO users VALUES(2,'allan','asd',3,0,0);
INSERT INTO users VALUES(3,'jarrad','qwe',1000,0,0);
INSERT INTO users VALUES(4,'bartendro','boozemeup',1000,1,0);
CREATE TABLE wanted_drink_list (drink_id integer);
INSERT INTO wanted_drink_list VALUES(1);
INSERT INTO wanted_drink_list VALUES(28);
INSERT INTO wanted_drink_list VALUES(29);
INSERT INTO wanted_drink_list VALUES(31);
INSERT INTO wanted_drink_list VALUES(32);
INSERT INTO wanted_drink_list VALUES(33);
INSERT INTO wanted_drink_list VALUES(34);
INSERT INTO wanted_drink_list VALUES(36);
INSERT INTO wanted_drink_list VALUES(40);
INSERT INTO wanted_drink_list VALUES(41);
INSERT INTO wanted_drink_list VALUES(37);
INSERT INTO wanted_drink_list VALUES(24);
INSERT INTO wanted_drink_list VALUES(12);
INSERT INTO wanted_drink_list VALUES(16);
CREATE INDEX booze_name_ndx ON booze (name);
COMMIT;
